Driver,Team,LapNumber,LapTime,Compound,TyreLife,Stint,PitInTime,PitOutTime,IsAccurate,LapTimeSeconds,BestStintLap,Degradation,PitLap
VER,Red Bull Racing,2.0,0 days 00:01:36.296000,SOFT,5.0,1.0,,,True,96.296,96.296,0.0,False
VER,Red Bull Racing,3.0,0 days 00:01:36.753000,SOFT,6.0,1.0,,,True,96.753,96.296,0.45699999999999363,False
VER,Red Bull Racing,4.0,0 days 00:01:36.647000,SOFT,7.0,1.0,,,True,96.647,96.296,0.3509999999999991,False
VER,Red Bull Racing,5.0,0 days 00:01:37.173000,SOFT,8.0,1.0,,,True,97.173,96.296,0.8769999999999953,False
VER,Red Bull Racing,6.0,0 days 00:01:37.092000,SOFT,9.0,1.0,,,True,97.092,96.296,0.7959999999999923,False
VER,Red Bull Racing,7.0,0 days 00:01:37.038000,SOFT,10.0,1.0,,,True,97.038,96.296,0.7419999999999902,False
VER,Red Bull Racing,8.0,0 days 00:01:37.024000,SOFT,11.0,1.0,,,True,97.024,96.296,0.7279999999999944,False
VER,Red Bull Racing,9.0,0 days 00:01:37.229000,SOFT,12.0,1.0,,,True,97.229,96.296,0.9329999999999927,False
VER,Red Bull Racing,10.0,0 days 00:01:36.960000,SOFT,13.0,1.0,,,True,96.96,96.296,0.6639999999999873,False
VER,Red Bull Racing,11.0,0 days 00:01:37.085000,SOFT,14.0,1.0,,,True,97.085,96.296,0.7889999999999873,False
VER,Red Bull Racing,12.0,0 days 00:01:37.045000,SOFT,15.0,1.0,,,True,97.045,96.296,0.7489999999999952,False
VER,Red Bull Racing,13.0,0 days 00:01:37.030000,SOFT,16.0,1.0,,,True,97.03,96.296,0.7339999999999947,False
VER,Red Bull Racing,14.0,0 days 00:01:37.028000,SOFT,17.0,1.0,,,True,97.028,96.296,0.7319999999999993,False
VER,Red Bull Racing,15.0,0 days 00:01:37.011000,SOFT,18.0,1.0,,,True,97.011,96.296,0.7149999999999892,False
VER,Red Bull Racing,16.0,0 days 00:01:37.168000,SOFT,19.0,1.0,,,True,97.168,96.296,0.8719999999999999,False
VER,Red Bull Racing,19.0,0 days 00:01:35.283000,HARD,2.0,2.0,,,True,95.283,95.16,0.12300000000000466,False
VER,Red Bull Racing,20.0,0 days 00:01:35.160000,HARD,3.0,2.0,,,True,95.16,95.16,0.0,False
VER,Red Bull Racing,21.0,0 days 00:01:35.316000,HARD,4.0,2.0,,,True,95.316,95.16,0.1560000000000059,False
VER,Red Bull Racing,22.0,0 days 00:01:35.204000,HARD,5.0,2.0,,,True,95.204,95.16,0.04399999999999693,False
VER,Red Bull Racing,23.0,0 days 00:01:35.216000,HARD,6.0,2.0,,,True,95.216,95.16,0.055999999999997385,False
VER,Red Bull Racing,24.0,0 days 00:01:35.289000,HARD,7.0,2.0,,,True,95.289,95.16,0.1290000000000049,False
VER,Red Bull Racing,25.0,0 days 00:01:35.342000,HARD,8.0,2.0,,,True,95.342,95.16,0.18200000000000216,False
VER,Red Bull Racing,26.0,0 days 00:01:35.223000,HARD,9.0,2.0,,,True,95.223,95.16,0.06300000000000239,False
VER,Red Bull Racing,27.0,0 days 00:01:35.581000,HARD,10.0,2.0,,,True,95.581,95.16,0.4210000000000065,False
VER,Red Bull Racing,28.0,0 days 00:01:35.477000,HARD,11.0,2.0,,,True,95.477,95.16,0.3170000000000073,False
VER,Red Bull Racing,29.0,0 days 00:01:35.793000,HARD,12.0,2.0,,,True,95.793,95.16,0.6330000000000098,False
VER,Red Bull Racing,30.0,0 days 00:01:35.771000,HARD,13.0,2.0,,,True,95.771,95.16,0.6110000000000042,False
VER,Red Bull Racing,31.0,0 days 00:01:35.679000,HARD,14.0,2.0,,,True,95.679,95.16,0.5190000000000055,False
VER,Red Bull Racing,32.0,0 days 00:01:35.886000,HARD,15.0,2.0,,,True,95.886,95.16,0.7259999999999991,False
VER,Red Bull Racing,33.0,0 days 00:01:35.863000,HARD,16.0,2.0,,,True,95.863,95.16,0.703000000000003,False
VER,Red Bull Racing,34.0,0 days 00:01:36.133000,HARD,17.0,2.0,,,True,96.133,95.16,0.972999999999999,False
VER,Red Bull Racing,35.0,0 days 00:01:36.018000,HARD,18.0,2.0,,,True,96.018,95.16,0.8580000000000041,False
VER,Red Bull Racing,36.0,0 days 00:01:36.205000,HARD,19.0,2.0,,,True,96.205,95.16,1.0450000000000017,False
VER,Red Bull Racing,39.0,0 days 00:01:32.608000,SOFT,2.0,3.0,,,True,92.608,92.608,0.0,False
VER,Red Bull Racing,40.0,0 days 00:01:36.589000,SOFT,3.0,3.0,,,True,96.589,92.608,3.9809999999999945,False
VER,Red Bull Racing,41.0,0 days 00:01:35.290000,SOFT,4.0,3.0,,,True,95.29,92.608,2.682000000000002,False
VER,Red Bull Racing,42.0,0 days 00:01:34.667000,SOFT,5.0,3.0,,,True,94.667,92.608,2.0589999999999975,False
VER,Red Bull Racing,43.0,0 days 00:01:34.151000,SOFT,6.0,3.0,,,True,94.151,92.608,1.5429999999999922,False
VER,Red Bull Racing,44.0,0 days 00:01:34.531000,SOFT,7.0,3.0,,,True,94.531,92.608,1.9230000000000018,False
VER,Red Bull Racing,45.0,0 days 00:01:34.249000,SOFT,8.0,3.0,,,True,94.249,92.608,1.6409999999999911,False
VER,Red Bull Racing,46.0,0 days 00:01:34.193000,SOFT,9.0,3.0,,,True,94.193,92.608,1.5849999999999937,False
VER,Red Bull Racing,47.0,0 days 00:01:34.239000,SOFT,10.0,3.0,,,True,94.239,92.608,1.6310000000000002,False
VER,Red Bull Racing,48.0,0 days 00:01:34.350000,SOFT,11.0,3.0,,,True,94.35,92.608,1.7419999999999902,False
VER,Red Bull Racing,49.0,0 days 00:01:34.403000,SOFT,12.0,3.0,,,True,94.403,92.608,1.7950000000000017,False
VER,Red Bull Racing,50.0,0 days 00:01:34.783000,SOFT,13.0,3.0,,,True,94.783,92.608,2.174999999999997,False
VER,Red Bull Racing,51.0,0 days 00:01:34.340000,SOFT,14.0,3.0,,,True,94.34,92.608,1.7319999999999993,False
VER,Red Bull Racing,52.0,0 days 00:01:34.906000,SOFT,15.0,3.0,,,True,94.906,92.608,2.298000000000002,False
VER,Red Bull Racing,53.0,0 days 00:01:35.600000,SOFT,16.0,3.0,,,True,95.6,92.608,2.9919999999999902,False
VER,Red Bull Racing,54.0,0 days 00:01:35.334000,SOFT,17.0,3.0,,,True,95.334,92.608,2.725999999999999,False
VER,Red Bull Racing,55.0,0 days 00:01:35.184000,SOFT,18.0,3.0,,,True,95.184,92.608,2.5759999999999934,False
VER,Red Bull Racing,56.0,0 days 00:01:34.671000,SOFT,19.0,3.0,,,True,94.671,92.608,2.0630000000000024,False
VER,Red Bull Racing,57.0,0 days 00:01:34.923000,SOFT,20.0,3.0,,,True,94.923,92.608,2.3149999999999977,False
PER,Red Bull Racing,2.0,0 days 00:01:36.541000,SOFT,5.0,1.0,,,True,96.541,96.541,0.0,False
PER,Red Bull Racing,3.0,0 days 00:01:37.297000,SOFT,6.0,1.0,,,True,97.297,96.541,0.7560000000000002,False
PER,Red Bull Racing,4.0,0 days 00:01:37.722000,SOFT,7.0,1.0,,,True,97.722,96.541,1.1809999999999974,False
PER,Red Bull Racing,5.0,0 days 00:01:38.044000,SOFT,8.0,1.0,,,True,98.044,96.541,1.5030000000000001,False
PER,Red Bull Racing,6.0,0 days 00:01:37.823000,SOFT,9.0,1.0,,,True,97.823,96.541,1.2819999999999965,False
PER,Red Bull Racing,7.0,0 days 00:01:37.821000,SOFT,10.0,1.0,,,True,97.821,96.541,1.2800000000000011,False
PER,Red Bull Racing,8.0,0 days 00:01:37.838000,SOFT,11.0,1.0,,,True,97.838,96.541,1.296999999999997,False
PER,Red Bull Racing,9.0,0 days 00:01:37.596000,SOFT,12.0,1.0,,,True,97.596,96.541,1.0550000000000068,False
PER,Red Bull Racing,10.0,0 days 00:01:37.630000,SOFT,13.0,1.0,,,True,97.63,96.541,1.0889999999999986,False
PER,Red Bull Racing,11.0,0 days 00:01:37.836000,SOFT,14.0,1.0,,,True,97.836,96.541,1.2950000000000017,False
PER,Red Bull Racing,14.0,0 days 00:01:35.606000,HARD,2.0,2.0,,,True,95.606,95.606,0.0,False
PER,Red Bull Racing,15.0,0 days 00:01:36.815000,HARD,3.0,2.0,,,True,96.815,95.606,1.2090000000000032,False
PER,Red Bull Racing,16.0,0 days 00:01:35.783000,HARD,4.0,2.0,,,True,95.783,95.606,0.1770000000000067,False
PER,Red Bull Racing,17.0,0 days 00:01:36.454000,HARD,5.0,2.0,,,True,96.454,95.606,0.847999999999999,False
PER,Red Bull Racing,18.0,0 days 00:01:36.311000,HARD,6.0,2.0,,,True,96.311,95.606,0.7050000000000125,False
PER,Red Bull Racing,19.0,0 days 00:01:36.038000,HARD,7.0,2.0,,,True,96.038,95.606,0.43200000000000216,False
PER,Red Bull Racing,20.0,0 days 00:01:36.278000,HARD,8.0,2.0,,,True,96.278,95.606,0.6720000000000113,False
PER,Red Bull Racing,21.0,0 days 00:01:36.165000,HARD,9.0,2.0,,,True,96.165,95.606,0.5590000000000117,False
PER,Red Bull Racing,22.0,0 days 00:01:36.037000,HARD,10.0,2.0,,,True,96.037,95.606,0.4310000000000116,False
PER,Red Bull Racing,23.0,0 days 00:01:36.249000,HARD,11.0,2.0,,,True,96.249,95.606,0.6430000000000007,False
PER,Red Bull Racing,24.0,0 days 00:01:36.211000,HARD,12.0,2.0,,,True,96.211,95.606,0.605000000000004,False
PER,Red Bull Racing,25.0,0 days 00:01:36.344000,HARD,13.0,2.0,,,True,96.344,95.606,0.7379999999999995,False
PER,Red Bull Racing,26.0,0 days 00:01:36.347000,HARD,14.0,2.0,,,True,96.347,95.606,0.7409999999999997,False
PER,Red Bull Racing,27.0,0 days 00:01:36.233000,HARD,15.0,2.0,,,True,96.233,95.606,0.6270000000000095,False
PER,Red Bull Racing,28.0,0 days 00:01:36.226000,HARD,16.0,2.0,,,True,96.226,95.606,0.6200000000000045,False
PER,Red Bull Racing,29.0,0 days 00:01:36.437000,HARD,17.0,2.0,,,True,96.437,95.606,0.8310000000000031,False
PER,Red Bull Racing,30.0,0 days 00:01:36.313000,HARD,18.0,2.0,,,True,96.313,95.606,0.7070000000000078,False
PER,Red Bull Racing,31.0,0 days 00:01:36.339000,HARD,19.0,2.0,,,True,96.339,95.606,0.7330000000000041,False
PER,Red Bull Racing,32.0,0 days 00:01:36.276000,HARD,20.0,2.0,,,True,96.276,95.606,0.6700000000000017,False
PER,Red Bull Racing,33.0,0 days 00:01:36.564000,HARD,21.0,2.0,,,True,96.564,95.606,0.9579999999999984,False
PER,Red Bull Racing,34.0,0 days 00:01:36.378000,HARD,22.0,2.0,,,True,96.378,95.606,0.7720000000000056,False
PER,Red Bull Racing,35.0,0 days 00:01:36.776000,HARD,23.0,2.0,,,True,96.776,95.606,1.1700000000000017,False
PER,Red Bull Racing,38.0,0 days 00:01:34.804000,SOFT,2.0,3.0,,,True,94.804,94.364,0.4399999999999977,False
PER,Red Bull Racing,39.0,0 days 00:01:34.607000,SOFT,3.0,3.0,,,True,94.607,94.364,0.242999999999995,False
PER,Red Bull Racing,40.0,0 days 00:01:34.364000,SOFT,4.0,3.0,,,True,94.364,94.364,0.0,False
PER,Red Bull Racing,41.0,0 days 00:01:34.400000,SOFT,5.0,3.0,,,True,94.4,94.364,0.036000000000001364,False
PER,Red Bull Racing,42.0,0 days 00:01:34.525000,SOFT,6.0,3.0,,,True,94.525,94.364,0.16100000000000136,False
PER,Red Bull Racing,43.0,0 days 00:01:34.797000,SOFT,7.0,3.0,,,True,94.797,94.364,0.4329999999999927,False
PER,Red Bull Racing,44.0,0 days 00:01:34.799000,SOFT,8.0,3.0,,,True,94.799,94.364,0.4350000000000023,False
PER,Red Bull Racing,45.0,0 days 00:01:34.592000,SOFT,9.0,3.0,,,True,94.592,94.364,0.22799999999999443,False
PER,Red Bull Racing,46.0,0 days 00:01:34.844000,SOFT,10.0,3.0,,,True,94.844,94.364,0.47999999999998977,False
PER,Red Bull Racing,47.0,0 days 00:01:34.730000,SOFT,11.0,3.0,,,True,94.73,94.364,0.36599999999999966,False
PER,Red Bull Racing,48.0,0 days 00:01:34.885000,SOFT,12.0,3.0,,,True,94.885,94.364,0.5210000000000008,False
PER,Red Bull Racing,49.0,0 days 00:01:34.966000,SOFT,13.0,3.0,,,True,94.966,94.364,0.6019999999999897,False
PER,Red Bull Racing,50.0,0 days 00:01:35.082000,SOFT,14.0,3.0,,,True,95.082,94.364,0.7179999999999893,False
PER,Red Bull Racing,51.0,0 days 00:01:34.940000,SOFT,15.0,3.0,,,True,94.94,94.364,0.5759999999999934,False
PER,Red Bull Racing,52.0,0 days 00:01:35.183000,SOFT,16.0,3.0,,,True,95.183,94.364,0.8190000000000026,False
PER,Red Bull Racing,53.0,0 days 00:01:35.842000,SOFT,17.0,3.0,,,True,95.842,94.364,1.4779999999999944,False
PER,Red Bull Racing,54.0,0 days 00:01:35.459000,SOFT,18.0,3.0,,,True,95.459,94.364,1.0949999999999989,False
PER,Red Bull Racing,55.0,0 days 00:01:35.611000,SOFT,19.0,3.0,,,True,95.611,94.364,1.2469999999999999,False
PER,Red Bull Racing,56.0,0 days 00:01:35.568000,SOFT,20.0,3.0,,,True,95.568,94.364,1.2039999999999935,False
PER,Red Bull Racing,57.0,0 days 00:01:35.746000,SOFT,21.0,3.0,,,True,95.746,94.364,1.3819999999999908,False
SAI,Ferrari,2.0,0 days 00:01:37.236000,SOFT,5.0,1.0,,,True,97.236,97.08,0.1560000000000059,False
SAI,Ferrari,3.0,0 days 00:01:37.080000,SOFT,6.0,1.0,,,True,97.08,97.08,0.0,False
SAI,Ferrari,4.0,0 days 00:01:37.264000,SOFT,7.0,1.0,,,True,97.264,97.08,0.1839999999999975,False
SAI,Ferrari,5.0,0 days 00:01:38.032000,SOFT,8.0,1.0,,,True,98.032,97.08,0.9519999999999982,False
SAI,Ferrari,6.0,0 days 00:01:37.741000,SOFT,9.0,1.0,,,True,97.741,97.08,0.6610000000000014,False
SAI,Ferrari,7.0,0 days 00:01:38.260000,SOFT,10.0,1.0,,,True,98.26,97.08,1.1800000000000068,False
SAI,Ferrari,8.0,0 days 00:01:38.183000,SOFT,11.0,1.0,,,True,98.183,97.08,1.1030000000000086,False
SAI,Ferrari,9.0,0 days 00:01:38.030000,SOFT,12.0,1.0,,,True,98.03,97.08,0.9500000000000028,False
SAI,Ferrari,10.0,0 days 00:01:37.608000,SOFT,13.0,1.0,,,True,97.608,97.08,0.5280000000000058,False
SAI,Ferrari,11.0,0 days 00:01:37.656000,SOFT,14.0,1.0,,,True,97.656,97.08,0.5760000000000076,False
SAI,Ferrari,12.0,0 days 00:01:37.650000,SOFT,15.0,1.0,,,True,97.65,97.08,0.5700000000000074,False
SAI,Ferrari,13.0,0 days 00:01:37.243000,SOFT,16.0,1.0,,,True,97.243,97.08,0.1629999999999967,False
SAI,Ferrari,16.0,0 days 00:01:36.376000,HARD,2.0,2.0,,,True,96.376,95.507,0.8689999999999998,False
SAI,Ferrari,17.0,0 days 00:01:35.507000,HARD,3.0,2.0,,,True,95.507,95.507,0.0,False
SAI,Ferrari,18.0,0 days 00:01:36.088000,HARD,4.0,2.0,,,True,96.088,95.507,0.5809999999999889,False
SAI,Ferrari,19.0,0 days 00:01:36.236000,HARD,5.0,2.0,,,True,96.236,95.507,0.7289999999999992,False
SAI,Ferrari,20.0,0 days 00:01:36.034000,HARD,6.0,2.0,,,True,96.034,95.507,0.527000000000001,False
SAI,Ferrari,21.0,0 days 00:01:36.104000,HARD,7.0,2.0,,,True,96.104,95.507,0.5969999999999942,False
SAI,Ferrari,22.0,0 days 00:01:36.008000,HARD,8.0,2.0,,,True,96.008,95.507,0.5009999999999906,False
SAI,Ferrari,23.0,0 days 00:01:36.149000,HARD,9.0,2.0,,,True,96.149,95.507,0.6419999999999959,False
SAI,Ferrari,24.0,0 days 00:01:36.200000,HARD,10.0,2.0,,,True,96.2,95.507,0.6929999999999978,False
SAI,Ferrari,25.0,0 days 00:01:36.220000,HARD,11.0,2.0,,,True,96.22,95.507,0.7129999999999939,False
SAI,Ferrari,26.0,0 days 00:01:36.221000,HARD,12.0,2.0,,,True,96.221,95.507,0.7139999999999986,False
SAI,Ferrari,27.0,0 days 00:01:36.272000,HARD,13.0,2.0,,,True,96.272,95.507,0.7650000000000006,False
SAI,Ferrari,28.0,0 days 00:01:36.534000,HARD,14.0,2.0,,,True,96.534,95.507,1.027000000000001,False
SAI,Ferrari,29.0,0 days 00:01:36.600000,HARD,15.0,2.0,,,True,96.6,95.507,1.0929999999999893,False
SAI,Ferrari,30.0,0 days 00:01:36.337000,HARD,16.0,2.0,,,True,96.337,95.507,0.8299999999999983,False
SAI,Ferrari,31.0,0 days 00:01:36.537000,HARD,17.0,2.0,,,True,96.537,95.507,1.0300000000000011,False
SAI,Ferrari,32.0,0 days 00:01:36.762000,HARD,18.0,2.0,,,True,96.762,95.507,1.2549999999999955,False
SAI,Ferrari,33.0,0 days 00:01:36.556000,HARD,19.0,2.0,,,True,96.556,95.507,1.0489999999999924,False
SAI,Ferrari,34.0,0 days 00:01:36.551000,HARD,20.0,2.0,,,True,96.551,95.507,1.043999999999997,False
SAI,Ferrari,37.0,0 days 00:01:35.302000,HARD,2.0,3.0,,,True,95.302,94.507,0.7950000000000017,False
SAI,Ferrari,38.0,0 days 00:01:35.100000,HARD,3.0,3.0,,,True,95.1,94.507,0.5929999999999893,False
SAI,Ferrari,39.0,0 days 00:01:34.709000,HARD,4.0,3.0,,,True,94.709,94.507,0.20199999999999818,False
SAI,Ferrari,40.0,0 days 00:01:34.739000,HARD,5.0,3.0,,,True,94.739,94.507,0.23199999999999932,False
SAI,Ferrari,41.0,0 days 00:01:35.041000,HARD,6.0,3.0,,,True,95.041,94.507,0.5339999999999918,False
SAI,Ferrari,42.0,0 days 00:01:34.861000,HARD,7.0,3.0,,,True,94.861,94.507,0.3539999999999992,False
SAI,Ferrari,43.0,0 days 00:01:34.795000,HARD,8.0,3.0,,,True,94.795,94.507,0.2879999999999967,False
SAI,Ferrari,44.0,0 days 00:01:34.507000,HARD,9.0,3.0,,,True,94.507,94.507,0.0,False
SAI,Ferrari,45.0,0 days 00:01:34.790000,HARD,10.0,3.0,,,True,94.79,94.507,0.28300000000000125,False
SAI,Ferrari,46.0,0 days 00:01:34.853000,HARD,11.0,3.0,,,True,94.853,94.507,0.3459999999999894,False
SAI,Ferrari,47.0,0 days 00:01:34.901000,HARD,12.0,3.0,,,True,94.901,94.507,0.39399999999999125,False
SAI,Ferrari,48.0,0 days 00:01:34.981000,HARD,13.0,3.0,,,True,94.981,94.507,0.47399999999998954,False
SAI,Ferrari,49.0,0 days 00:01:35.440000,HARD,14.0,3.0,,,True,95.44,94.507,0.9329999999999927,False
SAI,Ferrari,50.0,0 days 00:01:35.142000,HARD,15.0,3.0,,,True,95.142,94.507,0.6349999999999909,False
SAI,Ferrari,51.0,0 days 00:01:35.282000,HARD,16.0,3.0,,,True,95.282,94.507,0.7749999999999915,False
SAI,Ferrari,52.0,0 days 00:01:35.083000,HARD,17.0,3.0,,,True,95.083,94.507,0.5759999999999934,False
SAI,Ferrari,53.0,0 days 00:01:35.211000,HARD,18.0,3.0,,,True,95.211,94.507,0.7039999999999935,False
SAI,Ferrari,54.0,0 days 00:01:35.309000,HARD,19.0,3.0,,,True,95.309,94.507,0.8019999999999925,False
SAI,Ferrari,55.0,0 days 00:01:35.407000,HARD,20.0,3.0,,,True,95.407,94.507,0.8999999999999915,False
SAI,Ferrari,56.0,0 days 00:01:35.305000,HARD,21.0,3.0,,,True,95.305,94.507,0.7980000000000018,False
SAI,Ferrari,57.0,0 days 00:01:35.327000,HARD,22.0,3.0,,,True,95.327,94.507,0.8199999999999932,False
LEC,Ferrari,2.0,0 days 00:01:36.862000,SOFT,5.0,1.0,,,True,96.862,96.862,0.0,False
LEC,Ferrari,3.0,0 days 00:01:38.062000,SOFT,6.0,1.0,,,True,98.062,96.862,1.2000000000000028,False
LEC,Ferrari,4.0,0 days 00:01:37.752000,SOFT,7.0,1.0,,,True,97.752,96.862,0.8900000000000006,False
LEC,Ferrari,5.0,0 days 00:01:38.131000,SOFT,8.0,1.0,,,True,98.131,96.862,1.2690000000000055,False
LEC,Ferrari,6.0,0 days 00:01:37.782000,SOFT,9.0,1.0,,,True,97.782,96.862,0.9200000000000017,False
LEC,Ferrari,7.0,0 days 00:01:38.957000,SOFT,10.0,1.0,,,True,98.957,96.862,2.094999999999999,False
LEC,Ferrari,8.0,0 days 00:01:38.136000,SOFT,11.0,1.0,,,True,98.136,96.862,1.274000000000001,False
LEC,Ferrari,9.0,0 days 00:01:37.844000,SOFT,12.0,1.0,,,True,97.844,96.862,0.9819999999999993,False
LEC,Ferrari,10.0,0 days 00:01:37.884000,SOFT,13.0,1.0,,,True,97.884,96.862,1.0220000000000056,False
LEC,Ferrari,13.0,0 days 00:01:36.432000,HARD,2.0,2.0,,,True,96.432,96.432,0.0,False
LEC,Ferrari,14.0,0 days 00:01:36.756000,HARD,3.0,2.0,,,True,96.756,96.432,0.32399999999999807,False
LEC,Ferrari,15.0,0 days 00:01:36.813000,HARD,4.0,2.0,,,True,96.813,96.432,0.3810000000000002,False
LEC,Ferrari,16.0,0 days 00:01:36.673000,HARD,5.0,2.0,,,True,96.673,96.432,0.24099999999999966,False
LEC,Ferrari,17.0,0 days 00:01:37.302000,HARD,6.0,2.0,,,True,97.302,96.432,0.8700000000000045,False
LEC,Ferrari,18.0,0 days 00:01:37.438000,HARD,7.0,2.0,,,True,97.438,96.432,1.0060000000000002,False
LEC,Ferrari,19.0,0 days 00:01:36.821000,HARD,8.0,2.0,,,True,96.821,96.432,0.3889999999999958,False
LEC,Ferrari,20.0,0 days 00:01:36.794000,HARD,9.0,2.0,,,True,96.794,96.432,0.36199999999999477,False
LEC,Ferrari,21.0,0 days 00:01:36.977000,HARD,10.0,2.0,,,True,96.977,96.432,0.5450000000000017,False
LEC,Ferrari,22.0,0 days 00:01:36.796000,HARD,11.0,2.0,,,True,96.796,96.432,0.3640000000000043,False
LEC,Ferrari,23.0,0 days 00:01:36.987000,HARD,12.0,2.0,,,True,96.987,96.432,0.5549999999999926,False
LEC,Ferrari,24.0,0 days 00:01:36.924000,HARD,13.0,2.0,,,True,96.924,96.432,0.49200000000000443,False
LEC,Ferrari,25.0,0 days 00:01:36.760000,HARD,14.0,2.0,,,True,96.76,96.432,0.32800000000000296,False
LEC,Ferrari,26.0,0 days 00:01:36.810000,HARD,15.0,2.0,,,True,96.81,96.432,0.3780000000000001,False
LEC,Ferrari,27.0,0 days 00:01:36.831000,HARD,16.0,2.0,,,True,96.831,96.432,0.3990000000000009,False
LEC,Ferrari,28.0,0 days 00:01:36.907000,HARD,17.0,2.0,,,True,96.907,96.432,0.4749999999999943,False
LEC,Ferrari,29.0,0 days 00:01:36.963000,HARD,18.0,2.0,,,True,96.963,96.432,0.5309999999999917,False
LEC,Ferrari,30.0,0 days 00:01:37.158000,HARD,19.0,2.0,,,True,97.158,96.432,0.7259999999999991,False
LEC,Ferrari,31.0,0 days 00:01:37.031000,HARD,20.0,2.0,,,True,97.031,96.432,0.5990000000000038,False
LEC,Ferrari,32.0,0 days 00:01:36.941000,HARD,21.0,2.0,,,True,96.941,96.432,0.5090000000000003,False
LEC,Ferrari,33.0,0 days 00:01:36.741000,HARD,22.0,2.0,,,True,96.741,96.432,0.3089999999999975,False
LEC,Ferrari,36.0,0 days 00:01:34.090000,HARD,2.0,3.0,,,True,94.09,94.09,0.0,False
LEC,Ferrari,37.0,0 days 00:01:34.897000,HARD,3.0,3.0,,,True,94.897,94.09,0.8070000000000022,False
LEC,Ferrari,38.0,0 days 00:01:34.783000,HARD,4.0,3.0,,,True,94.783,94.09,0.6929999999999978,False
LEC,Ferrari,39.0,0 days 00:01:35.087000,HARD,5.0,3.0,,,True,95.087,94.09,0.9969999999999999,False
LEC,Ferrari,40.0,0 days 00:01:34.859000,HARD,6.0,3.0,,,True,94.859,94.09,0.7689999999999912,False
LEC,Ferrari,41.0,0 days 00:01:35.028000,HARD,7.0,3.0,,,True,95.028,94.09,0.9380000000000024,False
LEC,Ferrari,42.0,0 days 00:01:34.982000,HARD,8.0,3.0,,,True,94.982,94.09,0.8919999999999959,False
LEC,Ferrari,43.0,0 days 00:01:35.192000,HARD,9.0,3.0,,,True,95.192,94.09,1.1019999999999897,False
LEC,Ferrari,44.0,0 days 00:01:35.051000,HARD,10.0,3.0,,,True,95.051,94.09,0.9609999999999985,False
LEC,Ferrari,45.0,0 days 00:01:35.220000,HARD,11.0,3.0,,,True,95.22,94.09,1.1299999999999955,False
LEC,Ferrari,46.0,0 days 00:01:35.058000,HARD,12.0,3.0,,,True,95.058,94.09,0.9680000000000035,False
LEC,Ferrari,47.0,0 days 00:01:35.057000,HARD,13.0,3.0,,,True,95.057,94.09,0.9669999999999987,False
LEC,Ferrari,48.0,0 days 00:01:35.308000,HARD,14.0,3.0,,,True,95.308,94.09,1.2180000000000035,False
LEC,Ferrari,49.0,0 days 00:01:35.302000,HARD,15.0,3.0,,,True,95.302,94.09,1.2120000000000033,False
LEC,Ferrari,50.0,0 days 00:01:35.383000,HARD,16.0,3.0,,,True,95.383,94.09,1.2929999999999922,False
LEC,Ferrari,51.0,0 days 00:01:35.418000,HARD,17.0,3.0,,,True,95.418,94.09,1.328000000000003,False
LEC,Ferrari,52.0,0 days 00:01:35.394000,HARD,18.0,3.0,,,True,95.394,94.09,1.304000000000002,False
LEC,Ferrari,53.0,0 days 00:01:35.480000,HARD,19.0,3.0,,,True,95.48,94.09,1.3900000000000006,False
LEC,Ferrari,54.0,0 days 00:01:35.265000,HARD,20.0,3.0,,,True,95.265,94.09,1.1749999999999972,False
LEC,Ferrari,55.0,0 days 00:01:35.785000,HARD,21.0,3.0,,,True,95.785,94.09,1.6949999999999932,False
LEC,Ferrari,56.0,0 days 00:01:35.924000,HARD,22.0,3.0,,,True,95.924,94.09,1.8340000000000032,False
LEC,Ferrari,57.0,0 days 00:01:36.324000,HARD,23.0,3.0,,,True,96.324,94.09,2.2339999999999947,False
RUS,Mercedes,2.0,0 days 00:01:36.635000,SOFT,5.0,1.0,,,True,96.635,96.406,0.2289999999999992,False
RUS,Mercedes,3.0,0 days 00:01:36.406000,SOFT,6.0,1.0,,,True,96.406,96.406,0.0,False
RUS,Mercedes,4.0,0 days 00:01:37.738000,SOFT,7.0,1.0,,,True,97.738,96.406,1.3319999999999936,False
RUS,Mercedes,5.0,0 days 00:01:38.116000,SOFT,8.0,1.0,,,True,98.116,96.406,1.7099999999999937,False
RUS,Mercedes,6.0,0 days 00:01:37.784000,SOFT,9.0,1.0,,,True,97.784,96.406,1.3780000000000001,False
RUS,Mercedes,7.0,0 days 00:01:38.082000,SOFT,10.0,1.0,,,True,98.082,96.406,1.6759999999999877,False
RUS,Mercedes,8.0,0 days 00:01:37.862000,SOFT,11.0,1.0,,,True,97.862,96.406,1.4559999999999889,False
RUS,Mercedes,9.0,0 days 00:01:37.730000,SOFT,12.0,1.0,,,True,97.73,96.406,1.323999999999998,False
RUS,Mercedes,10.0,0 days 00:01:37.782000,SOFT,13.0,1.0,,,True,97.782,96.406,1.3759999999999906,False
RUS,Mercedes,13.0,0 days 00:01:37.167000,HARD,2.0,2.0,,,True,97.167,96.234,0.9330000000000069,False
RUS,Mercedes,14.0,0 days 00:01:37.571000,HARD,3.0,2.0,,,True,97.571,96.234,1.3370000000000033,False
RUS,Mercedes,15.0,0 days 00:01:36.922000,HARD,4.0,2.0,,,True,96.922,96.234,0.6880000000000024,False
RUS,Mercedes,16.0,0 days 00:01:36.683000,HARD,5.0,2.0,,,True,96.683,96.234,0.4490000000000123,False
RUS,Mercedes,17.0,0 days 00:01:36.234000,HARD,6.0,2.0,,,True,96.234,96.234,0.0,False
RUS,Mercedes,18.0,0 days 00:01:37.819000,HARD,7.0,2.0,,,True,97.819,96.234,1.585000000000008,False
RUS,Mercedes,19.0,0 days 00:01:37.233000,HARD,8.0,2.0,,,True,97.233,96.234,0.9990000000000094,False
RUS,Mercedes,20.0,0 days 00:01:36.732000,HARD,9.0,2.0,,,True,96.732,96.234,0.49800000000000466,False
RUS,Mercedes,21.0,0 days 00:01:36.769000,HARD,10.0,2.0,,,True,96.769,96.234,0.5350000000000108,False
RUS,Mercedes,22.0,0 days 00:01:36.992000,HARD,11.0,2.0,,,True,96.992,96.234,0.7580000000000098,False
RUS,Mercedes,23.0,0 days 00:01:36.954000,HARD,12.0,2.0,,,True,96.954,96.234,0.7199999999999989,False
RUS,Mercedes,24.0,0 days 00:01:36.736000,HARD,13.0,2.0,,,True,96.736,96.234,0.5020000000000095,False
RUS,Mercedes,25.0,0 days 00:01:36.928000,HARD,14.0,2.0,,,True,96.928,96.234,0.6940000000000026,False
RUS,Mercedes,26.0,0 days 00:01:36.801000,HARD,15.0,2.0,,,True,96.801,96.234,0.5670000000000073,False
RUS,Mercedes,27.0,0 days 00:01:36.815000,HARD,16.0,2.0,,,True,96.815,96.234,0.5810000000000031,False
RUS,Mercedes,28.0,0 days 00:01:36.911000,HARD,17.0,2.0,,,True,96.911,96.234,0.6770000000000067,False
RUS,Mercedes,29.0,0 days 00:01:37.066000,HARD,18.0,2.0,,,True,97.066,96.234,0.8320000000000078,False
RUS,Mercedes,30.0,0 days 00:01:37.186000,HARD,19.0,2.0,,,True,97.186,96.234,0.9520000000000124,False
RUS,Mercedes,33.0,0 days 00:01:35.838000,HARD,2.0,3.0,,,True,95.838,95.065,0.7729999999999961,False
RUS,Mercedes,34.0,0 days 00:01:35.241000,HARD,3.0,3.0,,,True,95.241,95.065,0.17600000000000193,False
RUS,Mercedes,35.0,0 days 00:01:35.772000,HARD,4.0,3.0,,,True,95.772,95.065,0.7070000000000078,False
RUS,Mercedes,36.0,0 days 00:01:35.434000,HARD,5.0,3.0,,,True,95.434,95.065,0.3689999999999998,False
RUS,Mercedes,37.0,0 days 00:01:35.481000,HARD,6.0,3.0,,,True,95.481,95.065,0.4159999999999968,False
RUS,Mercedes,38.0,0 days 00:01:35.479000,HARD,7.0,3.0,,,True,95.479,95.065,0.4140000000000015,False
RUS,Mercedes,39.0,0 days 00:01:35.204000,HARD,8.0,3.0,,,True,95.204,95.065,0.1389999999999958,False
RUS,Mercedes,40.0,0 days 00:01:35.065000,HARD,9.0,3.0,,,True,95.065,95.065,0.0,False
RUS,Mercedes,41.0,0 days 00:01:35.093000,HARD,10.0,3.0,,,True,95.093,95.065,0.028000000000005798,False
RUS,Mercedes,42.0,0 days 00:01:35.136000,HARD,11.0,3.0,,,True,95.136,95.065,0.07099999999999795,False
RUS,Mercedes,43.0,0 days 00:01:35.193000,HARD,12.0,3.0,,,True,95.193,95.065,0.1280000000000001,False
RUS,Mercedes,44.0,0 days 00:01:35.162000,HARD,13.0,3.0,,,True,95.162,95.065,0.09700000000000841,False
RUS,Mercedes,45.0,0 days 00:01:35.276000,HARD,14.0,3.0,,,True,95.276,95.065,0.21099999999999852,False
RUS,Mercedes,46.0,0 days 00:01:36.657000,HARD,15.0,3.0,,,True,96.657,95.065,1.5919999999999987,False
RUS,Mercedes,47.0,0 days 00:01:35.805000,HARD,16.0,3.0,,,True,95.805,95.065,0.7400000000000091,False
RUS,Mercedes,48.0,0 days 00:01:36.059000,HARD,17.0,3.0,,,True,96.059,95.065,0.9939999999999998,False
RUS,Mercedes,49.0,0 days 00:01:35.954000,HARD,18.0,3.0,,,True,95.954,95.065,0.8889999999999958,False
RUS,Mercedes,50.0,0 days 00:01:36.181000,HARD,19.0,3.0,,,True,96.181,95.065,1.1159999999999997,False
RUS,Mercedes,51.0,0 days 00:01:35.852000,HARD,20.0,3.0,,,True,95.852,95.065,0.7870000000000061,False
RUS,Mercedes,52.0,0 days 00:01:36.186000,HARD,21.0,3.0,,,True,96.186,95.065,1.1210000000000093,False
RUS,Mercedes,53.0,0 days 00:01:35.979000,HARD,22.0,3.0,,,True,95.979,95.065,0.9140000000000015,False
RUS,Mercedes,54.0,0 days 00:01:36.013000,HARD,23.0,3.0,,,True,96.013,95.065,0.9480000000000075,False
RUS,Mercedes,55.0,0 days 00:01:36.151000,HARD,24.0,3.0,,,True,96.151,95.065,1.0859999999999985,False
RUS,Mercedes,56.0,0 days 00:01:36.350000,HARD,25.0,3.0,,,True,96.35,95.065,1.2849999999999966,False
RUS,Mercedes,57.0,0 days 00:01:36.440000,HARD,26.0,3.0,,,True,96.44,95.065,1.375,False
NOR,McLaren,2.0,0 days 00:01:38.010000,SOFT,5.0,1.0,,,True,98.01,97.45,0.5600000000000023,False
NOR,McLaren,3.0,0 days 00:01:37.787000,SOFT,6.0,1.0,,,True,97.787,97.45,0.3370000000000033,False
NOR,McLaren,4.0,0 days 00:01:37.450000,SOFT,7.0,1.0,,,True,97.45,97.45,0.0,False
NOR,McLaren,5.0,0 days 00:01:37.794000,SOFT,8.0,1.0,,,True,97.794,97.45,0.3439999999999941,False
NOR,McLaren,6.0,0 days 00:01:37.896000,SOFT,9.0,1.0,,,True,97.896,97.45,0.44599999999999795,False
NOR,McLaren,7.0,0 days 00:01:37.860000,SOFT,10.0,1.0,,,True,97.86,97.45,0.4099999999999966,False
NOR,McLaren,8.0,0 days 00:01:38.134000,SOFT,11.0,1.0,,,True,98.134,97.45,0.6839999999999975,False
NOR,McLaren,9.0,0 days 00:01:38.064000,SOFT,12.0,1.0,,,True,98.064,97.45,0.6139999999999901,False
NOR,McLaren,10.0,0 days 00:01:37.936000,SOFT,13.0,1.0,,,True,97.936,97.45,0.4860000000000042,False
NOR,McLaren,11.0,0 days 00:01:38.172000,SOFT,14.0,1.0,,,True,98.172,97.45,0.7219999999999942,False
NOR,McLaren,12.0,0 days 00:01:38.082000,SOFT,15.0,1.0,,,True,98.082,97.45,0.6319999999999908,False
NOR,McLaren,15.0,0 days 00:01:36.912000,HARD,2.0,2.0,,,True,96.912,96.416,0.4960000000000093,False
NOR,McLaren,16.0,0 days 00:01:36.565000,HARD,3.0,2.0,,,True,96.565,96.416,0.1490000000000009,False
NOR,McLaren,17.0,0 days 00:01:36.776000,HARD,4.0,2.0,,,True,96.776,96.416,0.35999999999999943,False
NOR,McLaren,18.0,0 days 00:01:36.508000,HARD,5.0,2.0,,,True,96.508,96.416,0.09199999999999875,False
NOR,McLaren,19.0,0 days 00:01:36.416000,HARD,6.0,2.0,,,True,96.416,96.416,0.0,False
NOR,McLaren,20.0,0 days 00:01:36.501000,HARD,7.0,2.0,,,True,96.501,96.416,0.08500000000000796,False
NOR,McLaren,21.0,0 days 00:01:36.620000,HARD,8.0,2.0,,,True,96.62,96.416,0.20400000000000773,False
NOR,McLaren,22.0,0 days 00:01:36.668000,HARD,9.0,2.0,,,True,96.668,96.416,0.25200000000000955,False
NOR,McLaren,23.0,0 days 00:01:36.696000,HARD,10.0,2.0,,,True,96.696,96.416,0.28000000000000114,False
NOR,McLaren,24.0,0 days 00:01:36.823000,HARD,11.0,2.0,,,True,96.823,96.416,0.4069999999999965,False
NOR,McLaren,25.0,0 days 00:01:36.730000,HARD,12.0,2.0,,,True,96.73,96.416,0.31400000000000716,False
NOR,McLaren,26.0,0 days 00:01:36.566000,HARD,13.0,2.0,,,True,96.566,96.416,0.15000000000000568,False
NOR,McLaren,27.0,0 days 00:01:36.726000,HARD,14.0,2.0,,,True,96.726,96.416,0.3100000000000023,False
NOR,McLaren,28.0,0 days 00:01:37.018000,HARD,15.0,2.0,,,True,97.018,96.416,0.6020000000000039,False
NOR,McLaren,29.0,0 days 00:01:37.041000,HARD,16.0,2.0,,,True,97.041,96.416,0.625,False
NOR,McLaren,30.0,0 days 00:01:36.986000,HARD,17.0,2.0,,,True,96.986,96.416,0.5700000000000074,False
NOR,McLaren,31.0,0 days 00:01:37.083000,HARD,18.0,2.0,,,True,97.083,96.416,0.6670000000000016,False
NOR,McLaren,32.0,0 days 00:01:37.171000,HARD,19.0,2.0,,,True,97.171,96.416,0.7550000000000097,False
NOR,McLaren,35.0,0 days 00:01:34.476000,HARD,2.0,3.0,,,True,94.476,94.476,0.0,False
NOR,McLaren,36.0,0 days 00:01:35.690000,HARD,3.0,3.0,,,True,95.69,94.476,1.2139999999999986,False
NOR,McLaren,37.0,0 days 00:01:35.067000,HARD,4.0,3.0,,,True,95.067,94.476,0.590999999999994,False
NOR,McLaren,38.0,0 days 00:01:35.149000,HARD,5.0,3.0,,,True,95.149,94.476,0.6730000000000018,False
NOR,McLaren,39.0,0 days 00:01:34.880000,HARD,6.0,3.0,,,True,94.88,94.476,0.40399999999999636,False
NOR,McLaren,40.0,0 days 00:01:35.276000,HARD,7.0,3.0,,,True,95.276,94.476,0.7999999999999972,False
NOR,McLaren,41.0,0 days 00:01:35.069000,HARD,8.0,3.0,,,True,95.069,94.476,0.5930000000000035,False
NOR,McLaren,42.0,0 days 00:01:35.165000,HARD,9.0,3.0,,,True,95.165,94.476,0.6890000000000072,False
NOR,McLaren,43.0,0 days 00:01:35.295000,HARD,10.0,3.0,,,True,95.295,94.476,0.8190000000000026,False
NOR,McLaren,44.0,0 days 00:01:35.346000,HARD,11.0,3.0,,,True,95.346,94.476,0.8700000000000045,False
NOR,McLaren,45.0,0 days 00:01:35.338000,HARD,12.0,3.0,,,True,95.338,94.476,0.8619999999999948,False
NOR,McLaren,46.0,0 days 00:01:35.371000,HARD,13.0,3.0,,,True,95.371,94.476,0.894999999999996,False
NOR,McLaren,47.0,0 days 00:01:35.485000,HARD,14.0,3.0,,,True,95.485,94.476,1.0090000000000003,False
NOR,McLaren,48.0,0 days 00:01:35.717000,HARD,15.0,3.0,,,True,95.717,94.476,1.2409999999999997,False
NOR,McLaren,49.0,0 days 00:01:35.674000,HARD,16.0,3.0,,,True,95.674,94.476,1.1980000000000075,False
NOR,McLaren,50.0,0 days 00:01:35.657000,HARD,17.0,3.0,,,True,95.657,94.476,1.1809999999999974,False
NOR,McLaren,51.0,0 days 00:01:36.038000,HARD,18.0,3.0,,,True,96.038,94.476,1.5619999999999976,False
NOR,McLaren,52.0,0 days 00:01:35.922000,HARD,19.0,3.0,,,True,95.922,94.476,1.445999999999998,False
NOR,McLaren,53.0,0 days 00:01:35.782000,HARD,20.0,3.0,,,True,95.782,94.476,1.3059999999999974,False
NOR,McLaren,54.0,0 days 00:01:35.934000,HARD,21.0,3.0,,,True,95.934,94.476,1.4579999999999984,False
NOR,McLaren,55.0,0 days 00:01:36.223000,HARD,22.0,3.0,,,True,96.223,94.476,1.7469999999999999,False
NOR,McLaren,56.0,0 days 00:01:35.976000,HARD,23.0,3.0,,,True,95.976,94.476,1.5,False
NOR,McLaren,57.0,0 days 00:01:36.582000,HARD,24.0,3.0,,,True,96.582,94.476,2.1059999999999945,False
HAM,Mercedes,2.0,0 days 00:01:38.273000,SOFT,5.0,1.0,,,True,98.273,97.839,0.4339999999999975,False
HAM,Mercedes,3.0,0 days 00:01:38.303000,SOFT,6.0,1.0,,,True,98.303,97.839,0.46399999999999864,False
HAM,Mercedes,4.0,0 days 00:01:38.287000,SOFT,7.0,1.0,,,True,98.287,97.839,0.4480000000000075,False
HAM,Mercedes,5.0,0 days 00:01:38.350000,SOFT,8.0,1.0,,,True,98.35,97.839,0.5109999999999957,False
HAM,Mercedes,6.0,0 days 00:01:38.183000,SOFT,9.0,1.0,,,True,98.183,97.839,0.3440000000000083,False
HAM,Mercedes,7.0,0 days 00:01:37.839000,SOFT,10.0,1.0,,,True,97.839,97.839,0.0,False
HAM,Mercedes,8.0,0 days 00:01:38.221000,SOFT,11.0,1.0,,,True,98.221,97.839,0.382000000000005,False
HAM,Mercedes,9.0,0 days 00:01:38.645000,SOFT,12.0,1.0,,,True,98.645,97.839,0.8059999999999974,False
HAM,Mercedes,10.0,0 days 00:01:38.037000,SOFT,13.0,1.0,,,True,98.037,97.839,0.1980000000000075,False
HAM,Mercedes,11.0,0 days 00:01:38.236000,SOFT,14.0,1.0,,,True,98.236,97.839,0.39700000000000557,False
HAM,Mercedes,14.0,0 days 00:01:37.178000,HARD,2.0,2.0,,,True,97.178,96.264,0.9140000000000015,False
HAM,Mercedes,15.0,0 days 00:01:37.264000,HARD,3.0,2.0,,,True,97.264,96.264,1.0,False
HAM,Mercedes,16.0,0 days 00:01:37.091000,HARD,4.0,2.0,,,True,97.091,96.264,0.8269999999999982,False
HAM,Mercedes,17.0,0 days 00:01:37.111000,HARD,5.0,2.0,,,True,97.111,96.264,0.8470000000000084,False
HAM,Mercedes,18.0,0 days 00:01:36.850000,HARD,6.0,2.0,,,True,96.85,96.264,0.5859999999999985,False
HAM,Mercedes,19.0,0 days 00:01:36.694000,HARD,7.0,2.0,,,True,96.694,96.264,0.4300000000000068,False
HAM,Mercedes,20.0,0 days 00:01:36.264000,HARD,8.0,2.0,,,True,96.264,96.264,0.0,False
HAM,Mercedes,21.0,0 days 00:01:36.510000,HARD,9.0,2.0,,,True,96.51,96.264,0.24600000000000932,False
HAM,Mercedes,22.0,0 days 00:01:36.633000,HARD,10.0,2.0,,,True,96.633,96.264,0.3689999999999998,False
HAM,Mercedes,23.0,0 days 00:01:36.717000,HARD,11.0,2.0,,,True,96.717,96.264,0.45300000000000296,False
HAM,Mercedes,24.0,0 days 00:01:36.666000,HARD,12.0,2.0,,,True,96.666,96.264,0.402000000000001,False
HAM,Mercedes,25.0,0 days 00:01:36.919000,HARD,13.0,2.0,,,True,96.919,96.264,0.6550000000000011,False
HAM,Mercedes,26.0,0 days 00:01:36.714000,HARD,14.0,2.0,,,True,96.714,96.264,0.45000000000000284,False
HAM,Mercedes,27.0,0 days 00:01:37.201000,HARD,15.0,2.0,,,True,97.201,96.264,0.9369999999999976,False
HAM,Mercedes,28.0,0 days 00:01:36.692000,HARD,16.0,2.0,,,True,96.692,96.264,0.42799999999999727,False
HAM,Mercedes,29.0,0 days 00:01:36.786000,HARD,17.0,2.0,,,True,96.786,96.264,0.5220000000000056,False
HAM,Mercedes,30.0,0 days 00:01:37.244000,HARD,18.0,2.0,,,True,97.244,96.264,0.980000000000004,False
HAM,Mercedes,31.0,0 days 00:01:36.975000,HARD,19.0,2.0,,,True,96.975,96.264,0.7109999999999985,False
HAM,Mercedes,32.0,0 days 00:01:37.325000,HARD,20.0,2.0,,,True,97.325,96.264,1.061000000000007,False
HAM,Mercedes,35.0,0 days 00:01:35.489000,HARD,2.0,3.0,,,True,95.489,94.722,0.7670000000000101,False
HAM,Mercedes,36.0,0 days 00:01:35.279000,HARD,3.0,3.0,,,True,95.279,94.722,0.5570000000000022,False
HAM,Mercedes,37.0,0 days 00:01:35.597000,HARD,4.0,3.0,,,True,95.597,94.722,0.875,False
HAM,Mercedes,38.0,0 days 00:01:34.966000,HARD,5.0,3.0,,,True,94.966,94.722,0.24399999999999977,False
HAM,Mercedes,39.0,0 days 00:01:34.722000,HARD,6.0,3.0,,,True,94.722,94.722,0.0,False
HAM,Mercedes,40.0,0 days 00:01:35.041000,HARD,7.0,3.0,,,True,95.041,94.722,0.3190000000000026,False
HAM,Mercedes,41.0,0 days 00:01:34.940000,HARD,8.0,3.0,,,True,94.94,94.722,0.21800000000000352,False
HAM,Mercedes,42.0,0 days 00:01:34.996000,HARD,9.0,3.0,,,True,94.996,94.722,0.2740000000000009,False
HAM,Mercedes,43.0,0 days 00:01:34.935000,HARD,10.0,3.0,,,True,94.935,94.722,0.21300000000000807,False
HAM,Mercedes,44.0,0 days 00:01:35.169000,HARD,11.0,3.0,,,True,95.169,94.722,0.44700000000000273,False
HAM,Mercedes,45.0,0 days 00:01:35.184000,HARD,12.0,3.0,,,True,95.184,94.722,0.4620000000000033,False
HAM,Mercedes,46.0,0 days 00:01:35.285000,HARD,13.0,3.0,,,True,95.285,94.722,0.5630000000000024,False
HAM,Mercedes,47.0,0 days 00:01:35.226000,HARD,14.0,3.0,,,True,95.226,94.722,0.5040000000000049,False
HAM,Mercedes,48.0,0 days 00:01:36.165000,HARD,15.0,3.0,,,True,96.165,94.722,1.443000000000012,False
HAM,Mercedes,49.0,0 days 00:01:35.914000,HARD,16.0,3.0,,,True,95.914,94.722,1.1920000000000073,False
HAM,Mercedes,50.0,0 days 00:01:35.612000,HARD,17.0,3.0,,,True,95.612,94.722,0.8900000000000006,False
HAM,Mercedes,51.0,0 days 00:01:35.532000,HARD,18.0,3.0,,,True,95.532,94.722,0.8100000000000023,False
HAM,Mercedes,52.0,0 days 00:01:35.479000,HARD,19.0,3.0,,,True,95.479,94.722,0.757000000000005,False
HAM,Mercedes,53.0,0 days 00:01:35.550000,HARD,20.0,3.0,,,True,95.55,94.722,0.828000000000003,False
HAM,Mercedes,54.0,0 days 00:01:35.974000,HARD,21.0,3.0,,,True,95.974,94.722,1.2520000000000095,False
HAM,Mercedes,55.0,0 days 00:01:35.633000,HARD,22.0,3.0,,,True,95.633,94.722,0.9110000000000014,False
HAM,Mercedes,56.0,0 days 00:01:35.706000,HARD,23.0,3.0,,,True,95.706,94.722,0.9840000000000089,False
HAM,Mercedes,57.0,0 days 00:01:36.138000,HARD,24.0,3.0,,,True,96.138,94.722,1.416000000000011,False
PIA,McLaren,2.0,0 days 00:01:38.382000,SOFT,5.0,1.0,,,True,98.382,97.859,0.5230000000000103,False
PIA,McLaren,3.0,0 days 00:01:38.258000,SOFT,6.0,1.0,,,True,98.258,97.859,0.3990000000000009,False
PIA,McLaren,4.0,0 days 00:01:37.897000,SOFT,7.0,1.0,,,True,97.897,97.859,0.038000000000010914,False
PIA,McLaren,5.0,0 days 00:01:37.859000,SOFT,8.0,1.0,,,True,97.859,97.859,0.0,False
PIA,McLaren,6.0,0 days 00:01:37.955000,SOFT,9.0,1.0,,,True,97.955,97.859,0.09600000000000364,False
PIA,McLaren,7.0,0 days 00:01:37.984000,SOFT,10.0,1.0,,,True,97.984,97.859,0.125,False
PIA,McLaren,8.0,0 days 00:01:37.956000,SOFT,11.0,1.0,,,True,97.956,97.859,0.09700000000000841,False
PIA,McLaren,9.0,0 days 00:01:38.096000,SOFT,12.0,1.0,,,True,98.096,97.859,0.23700000000000898,False
PIA,McLaren,10.0,0 days 00:01:38.073000,SOFT,13.0,1.0,,,True,98.073,97.859,0.21399999999999864,False
PIA,McLaren,11.0,0 days 00:01:38.397000,SOFT,14.0,1.0,,,True,98.397,97.859,0.5380000000000109,False
PIA,McLaren,14.0,0 days 00:01:36.796000,HARD,2.0,2.0,,,True,96.796,96.427,0.3689999999999998,False
PIA,McLaren,15.0,0 days 00:01:36.823000,HARD,3.0,2.0,,,True,96.823,96.427,0.3959999999999866,False
PIA,McLaren,16.0,0 days 00:01:36.427000,HARD,4.0,2.0,,,True,96.427,96.427,0.0,False
PIA,McLaren,17.0,0 days 00:01:36.872000,HARD,5.0,2.0,,,True,96.872,96.427,0.4449999999999932,False
PIA,McLaren,18.0,0 days 00:01:37.095000,HARD,6.0,2.0,,,True,97.095,96.427,0.6679999999999922,False
PIA,McLaren,19.0,0 days 00:01:36.577000,HARD,7.0,2.0,,,True,96.577,96.427,0.14999999999999147,False
PIA,McLaren,20.0,0 days 00:01:36.644000,HARD,8.0,2.0,,,True,96.644,96.427,0.21699999999999875,False
PIA,McLaren,21.0,0 days 00:01:36.733000,HARD,9.0,2.0,,,True,96.733,96.427,0.3059999999999974,False
PIA,McLaren,22.0,0 days 00:01:36.555000,HARD,10.0,2.0,,,True,96.555,96.427,0.1280000000000001,False
PIA,McLaren,23.0,0 days 00:01:36.680000,HARD,11.0,2.0,,,True,96.68,96.427,0.2530000000000001,False
PIA,McLaren,24.0,0 days 00:01:36.884000,HARD,12.0,2.0,,,True,96.884,96.427,0.45699999999999363,False
PIA,McLaren,25.0,0 days 00:01:37.008000,HARD,13.0,2.0,,,True,97.008,96.427,0.5809999999999889,False
PIA,McLaren,26.0,0 days 00:01:36.882000,HARD,14.0,2.0,,,True,96.882,96.427,0.4549999999999983,False
PIA,McLaren,27.0,0 days 00:01:36.905000,HARD,15.0,2.0,,,True,96.905,96.427,0.47799999999999443,False
PIA,McLaren,28.0,0 days 00:01:36.905000,HARD,16.0,2.0,,,True,96.905,96.427,0.47799999999999443,False
PIA,McLaren,29.0,0 days 00:01:37.179000,HARD,17.0,2.0,,,True,97.179,96.427,0.7519999999999953,False
PIA,McLaren,30.0,0 days 00:01:37.177000,HARD,18.0,2.0,,,True,97.177,96.427,0.75,False
PIA,McLaren,31.0,0 days 00:01:37.570000,HARD,19.0,2.0,,,True,97.57,96.427,1.1429999999999865,False
PIA,McLaren,32.0,0 days 00:01:37.163000,HARD,20.0,2.0,,,True,97.163,96.427,0.73599999999999,False
PIA,McLaren,33.0,0 days 00:01:37.088000,HARD,21.0,2.0,,,True,97.088,96.427,0.6609999999999872,False
PIA,McLaren,36.0,0 days 00:01:35.153000,HARD,2.0,3.0,,,True,95.153,94.774,0.3790000000000049,False
PIA,McLaren,37.0,0 days 00:01:34.774000,HARD,3.0,3.0,,,True,94.774,94.774,0.0,False
PIA,McLaren,38.0,0 days 00:01:35.298000,HARD,4.0,3.0,,,True,95.298,94.774,0.5240000000000009,False
PIA,McLaren,39.0,0 days 00:01:34.983000,HARD,5.0,3.0,,,True,94.983,94.774,0.20900000000000318,False
PIA,McLaren,40.0,0 days 00:01:35.005000,HARD,6.0,3.0,,,True,95.005,94.774,0.23099999999999454,False
PIA,McLaren,41.0,0 days 00:01:35.109000,HARD,7.0,3.0,,,True,95.109,94.774,0.33499999999999375,False
PIA,McLaren,42.0,0 days 00:01:35.341000,HARD,8.0,3.0,,,True,95.341,94.774,0.5669999999999931,False
PIA,McLaren,43.0,0 days 00:01:35.258000,HARD,9.0,3.0,,,True,95.258,94.774,0.48399999999999466,False
PIA,McLaren,44.0,0 days 00:01:35.238000,HARD,10.0,3.0,,,True,95.238,94.774,0.46399999999999864,False
PIA,McLaren,45.0,0 days 00:01:35.306000,HARD,11.0,3.0,,,True,95.306,94.774,0.5319999999999965,False
PIA,McLaren,46.0,0 days 00:01:35.296000,HARD,12.0,3.0,,,True,95.296,94.774,0.5220000000000056,False
PIA,McLaren,47.0,0 days 00:01:35.376000,HARD,13.0,3.0,,,True,95.376,94.774,0.6020000000000039,False
PIA,McLaren,48.0,0 days 00:01:35.702000,HARD,14.0,3.0,,,True,95.702,94.774,0.9279999999999973,False
PIA,McLaren,49.0,0 days 00:01:35.653000,HARD,15.0,3.0,,,True,95.653,94.774,0.8790000000000049,False
PIA,McLaren,50.0,0 days 00:01:35.984000,HARD,16.0,3.0,,,True,95.984,94.774,1.2099999999999937,False
PIA,McLaren,51.0,0 days 00:01:35.800000,HARD,17.0,3.0,,,True,95.8,94.774,1.0259999999999962,False
PIA,McLaren,52.0,0 days 00:01:36.024000,HARD,18.0,3.0,,,True,96.024,94.774,1.25,False
PIA,McLaren,53.0,0 days 00:01:35.739000,HARD,19.0,3.0,,,True,95.739,94.774,0.9650000000000034,False
PIA,McLaren,54.0,0 days 00:01:36.107000,HARD,20.0,3.0,,,True,96.107,94.774,1.3329999999999984,False
PIA,McLaren,55.0,0 days 00:01:35.973000,HARD,21.0,3.0,,,True,95.973,94.774,1.198999999999998,False
PIA,McLaren,56.0,0 days 00:01:36.100000,HARD,22.0,3.0,,,True,96.1,94.774,1.3259999999999934,False
PIA,McLaren,57.0,0 days 00:01:35.920000,HARD,23.0,3.0,,,True,95.92,94.774,1.1460000000000008,False
ALO,Aston Martin,2.0,0 days 00:01:38.020000,SOFT,5.0,1.0,,,True,98.02,97.776,0.24399999999999977,False
ALO,Aston Martin,3.0,0 days 00:01:39.046000,SOFT,6.0,1.0,,,True,99.046,97.776,1.2700000000000102,False
ALO,Aston Martin,4.0,0 days 00:01:37.776000,SOFT,7.0,1.0,,,True,97.776,97.776,0.0,False
ALO,Aston Martin,5.0,0 days 00:01:39.292000,SOFT,8.0,1.0,,,True,99.292,97.776,1.5160000000000053,False
ALO,Aston Martin,6.0,0 days 00:01:38.053000,SOFT,9.0,1.0,,,True,98.053,97.776,0.277000000000001,False
ALO,Aston Martin,7.0,0 days 00:01:38.008000,SOFT,10.0,1.0,,,True,98.008,97.776,0.23199999999999932,False
ALO,Aston Martin,8.0,0 days 00:01:38.103000,SOFT,11.0,1.0,,,True,98.103,97.776,0.3269999999999982,False
ALO,Aston Martin,9.0,0 days 00:01:38.896000,SOFT,12.0,1.0,,,True,98.896,97.776,1.1200000000000045,False
ALO,Aston Martin,10.0,0 days 00:01:39.325000,SOFT,13.0,1.0,,,True,99.325,97.776,1.5490000000000066,False
ALO,Aston Martin,11.0,0 days 00:01:38.554000,SOFT,14.0,1.0,,,True,98.554,97.776,0.7780000000000058,False
ALO,Aston Martin,12.0,0 days 00:01:38.543000,SOFT,15.0,1.0,,,True,98.543,97.776,0.7670000000000101,False
ALO,Aston Martin,13.0,0 days 00:01:38.587000,SOFT,16.0,1.0,,,True,98.587,97.776,0.811000000000007,False
ALO,Aston Martin,14.0,0 days 00:01:38.612000,SOFT,17.0,1.0,,,True,98.612,97.776,0.8359999999999985,False
ALO,Aston Martin,17.0,0 days 00:01:36.970000,HARD,2.0,2.0,,,True,96.97,96.799,0.17099999999999227,False
ALO,Aston Martin,18.0,0 days 00:01:37.361000,HARD,3.0,2.0,,,True,97.361,96.799,0.5619999999999976,False
ALO,Aston Martin,19.0,0 days 00:01:37.072000,HARD,4.0,2.0,,,True,97.072,96.799,0.27299999999999613,False
ALO,Aston Martin,20.0,0 days 00:01:37.357000,HARD,5.0,2.0,,,True,97.357,96.799,0.5579999999999927,False
ALO,Aston Martin,21.0,0 days 00:01:37.342000,HARD,6.0,2.0,,,True,97.342,96.799,0.5429999999999922,False
ALO,Aston Martin,22.0,0 days 00:01:37.122000,HARD,7.0,2.0,,,True,97.122,96.799,0.3229999999999933,False
ALO,Aston Martin,23.0,0 days 00:01:37.265000,HARD,8.0,2.0,,,True,97.265,96.799,0.465999999999994,False
ALO,Aston Martin,24.0,0 days 00:01:37.046000,HARD,9.0,2.0,,,True,97.046,96.799,0.2469999999999999,False
ALO,Aston Martin,25.0,0 days 00:01:37.179000,HARD,10.0,2.0,,,True,97.179,96.799,0.37999999999999545,False
ALO,Aston Martin,26.0,0 days 00:01:37.638000,HARD,11.0,2.0,,,True,97.638,96.799,0.8389999999999986,False
ALO,Aston Martin,27.0,0 days 00:01:36.945000,HARD,12.0,2.0,,,True,96.945,96.799,0.14599999999998658,False
ALO,Aston Martin,28.0,0 days 00:01:37.256000,HARD,13.0,2.0,,,True,97.256,96.799,0.45699999999999363,False
ALO,Aston Martin,29.0,0 days 00:01:37.104000,HARD,14.0,2.0,,,True,97.104,96.799,0.3049999999999926,False
ALO,Aston Martin,30.0,0 days 00:01:36.982000,HARD,15.0,2.0,,,True,96.982,96.799,0.18299999999999272,False
ALO,Aston Martin,31.0,0 days 00:01:36.957000,HARD,16.0,2.0,,,True,96.957,96.799,0.15799999999998704,False
ALO,Aston Martin,32.0,0 days 00:01:37.056000,HARD,17.0,2.0,,,True,97.056,96.799,0.2569999999999908,False
ALO,Aston Martin,33.0,0 days 00:01:37.202000,HARD,18.0,2.0,,,True,97.202,96.799,0.4029999999999916,False
ALO,Aston Martin,34.0,0 days 00:01:37.601000,HARD,19.0,2.0,,,True,97.601,96.799,0.8019999999999925,False
ALO,Aston Martin,35.0,0 days 00:01:37.273000,HARD,20.0,2.0,,,True,97.273,96.799,0.47399999999998954,False
ALO,Aston Martin,36.0,0 days 00:01:38.343000,HARD,21.0,2.0,,,True,98.343,96.799,1.543999999999997,False
ALO,Aston Martin,37.0,0 days 00:01:36.799000,HARD,22.0,2.0,,,True,96.799,96.799,0.0,False
ALO,Aston Martin,38.0,0 days 00:01:37.297000,HARD,23.0,2.0,,,True,97.297,96.799,0.49799999999999045,False
ALO,Aston Martin,39.0,0 days 00:01:37.946000,HARD,24.0,2.0,,,True,97.946,96.799,1.1469999999999914,False
ALO,Aston Martin,40.0,0 days 00:01:38.061000,HARD,25.0,2.0,,,True,98.061,96.799,1.2620000000000005,False
ALO,Aston Martin,43.0,0 days 00:01:35.107000,HARD,2.0,3.0,,,True,95.107,94.199,0.9080000000000013,False
ALO,Aston Martin,44.0,0 days 00:01:34.981000,HARD,3.0,3.0,,,True,94.981,94.199,0.7819999999999965,False
ALO,Aston Martin,45.0,0 days 00:01:34.872000,HARD,4.0,3.0,,,True,94.872,94.199,0.6730000000000018,False
ALO,Aston Martin,46.0,0 days 00:01:35.126000,HARD,5.0,3.0,,,True,95.126,94.199,0.9270000000000067,False
ALO,Aston Martin,47.0,0 days 00:01:35.225000,HARD,6.0,3.0,,,True,95.225,94.199,1.0259999999999962,False
ALO,Aston Martin,48.0,0 days 00:01:34.199000,HARD,7.0,3.0,,,True,94.199,94.199,0.0,False
ALO,Aston Martin,49.0,0 days 00:01:34.571000,HARD,8.0,3.0,,,True,94.571,94.199,0.3719999999999999,False
ALO,Aston Martin,50.0,0 days 00:01:34.677000,HARD,9.0,3.0,,,True,94.677,94.199,0.47800000000000864,False
ALO,Aston Martin,51.0,0 days 00:01:34.916000,HARD,10.0,3.0,,,True,94.916,94.199,0.7169999999999987,False
ALO,Aston Martin,52.0,0 days 00:01:34.862000,HARD,11.0,3.0,,,True,94.862,94.199,0.6629999999999967,False
ALO,Aston Martin,53.0,0 days 00:01:35.249000,HARD,12.0,3.0,,,True,95.249,94.199,1.0499999999999972,False
ALO,Aston Martin,54.0,0 days 00:01:35.745000,HARD,13.0,3.0,,,True,95.745,94.199,1.5460000000000065,False
ALO,Aston Martin,55.0,0 days 00:01:35.066000,HARD,14.0,3.0,,,True,95.066,94.199,0.8670000000000044,False
ALO,Aston Martin,56.0,0 days 00:01:35.014000,HARD,15.0,3.0,,,True,95.014,94.199,0.8149999999999977,False
ALO,Aston Martin,57.0,0 days 00:01:35.276000,HARD,16.0,3.0,,,True,95.276,94.199,1.0769999999999982,False
STR,Aston Martin,2.0,0 days 00:01:37.987000,SOFT,2.0,1.0,,,True,97.987,97.987,0.0,False
STR,Aston Martin,3.0,0 days 00:01:38.279000,SOFT,3.0,1.0,,,True,98.279,97.987,0.2920000000000016,False
STR,Aston Martin,4.0,0 days 00:01:38.364000,SOFT,4.0,1.0,,,True,98.364,97.987,0.37700000000000955,False
STR,Aston Martin,5.0,0 days 00:01:38.725000,SOFT,5.0,1.0,,,True,98.725,97.987,0.7379999999999995,False
STR,Aston Martin,6.0,0 days 00:01:38.925000,SOFT,6.0,1.0,,,True,98.925,97.987,0.9380000000000024,False
STR,Aston Martin,7.0,0 days 00:01:38.769000,SOFT,7.0,1.0,,,True,98.769,97.987,0.7820000000000107,False
STR,Aston Martin,8.0,0 days 00:01:38.857000,SOFT,8.0,1.0,,,True,98.857,97.987,0.8700000000000045,False
STR,Aston Martin,11.0,0 days 00:01:36.494000,HARD,2.0,2.0,,,True,96.494,96.494,0.0,False
STR,Aston Martin,12.0,0 days 00:01:37.175000,HARD,3.0,2.0,,,True,97.175,96.494,0.6809999999999974,False
STR,Aston Martin,13.0,0 days 00:01:37.289000,HARD,4.0,2.0,,,True,97.289,96.494,0.7950000000000017,False
STR,Aston Martin,14.0,0 days 00:01:37.624000,HARD,5.0,2.0,,,True,97.624,96.494,1.1299999999999955,False
STR,Aston Martin,15.0,0 days 00:01:37.533000,HARD,6.0,2.0,,,True,97.533,96.494,1.0390000000000015,False
STR,Aston Martin,16.0,0 days 00:01:38.027000,HARD,7.0,2.0,,,True,98.027,96.494,1.5330000000000013,False
STR,Aston Martin,17.0,0 days 00:01:38.777000,HARD,8.0,2.0,,,True,98.777,96.494,2.2830000000000013,False
STR,Aston Martin,18.0,0 days 00:01:37.417000,HARD,9.0,2.0,,,True,97.417,96.494,0.9230000000000018,False
STR,Aston Martin,19.0,0 days 00:01:37.554000,HARD,10.0,2.0,,,True,97.554,96.494,1.0600000000000023,False
STR,Aston Martin,20.0,0 days 00:01:37.859000,HARD,11.0,2.0,,,True,97.859,96.494,1.3649999999999949,False
STR,Aston Martin,21.0,0 days 00:01:38.022000,HARD,12.0,2.0,,,True,98.022,96.494,1.5280000000000058,False
STR,Aston Martin,22.0,0 days 00:01:38.175000,HARD,13.0,2.0,,,True,98.175,96.494,1.6809999999999974,False
STR,Aston Martin,23.0,0 days 00:01:37.826000,HARD,14.0,2.0,,,True,97.826,96.494,1.3319999999999936,False
STR,Aston Martin,24.0,0 days 00:01:38.138000,HARD,15.0,2.0,,,True,98.138,96.494,1.6440000000000055,False
STR,Aston Martin,25.0,0 days 00:01:37.994000,HARD,16.0,2.0,,,True,97.994,96.494,1.5,False
STR,Aston Martin,26.0,0 days 00:01:38.133000,HARD,17.0,2.0,,,True,98.133,96.494,1.6389999999999958,False
STR,Aston Martin,29.0,0 days 00:01:35.854000,HARD,2.0,3.0,,,True,95.854,95.632,0.2219999999999942,False
STR,Aston Martin,30.0,0 days 00:01:35.632000,HARD,3.0,3.0,,,True,95.632,95.632,0.0,False
STR,Aston Martin,31.0,0 days 00:01:36.202000,HARD,4.0,3.0,,,True,96.202,95.632,0.5699999999999932,False
STR,Aston Martin,32.0,0 days 00:01:35.821000,HARD,5.0,3.0,,,True,95.821,95.632,0.18899999999999295,False
STR,Aston Martin,33.0,0 days 00:01:36.349000,HARD,6.0,3.0,,,True,96.349,95.632,0.7169999999999987,False
STR,Aston Martin,34.0,0 days 00:01:36.332000,HARD,7.0,3.0,,,True,96.332,95.632,0.6999999999999886,False
STR,Aston Martin,35.0,0 days 00:01:36.242000,HARD,8.0,3.0,,,True,96.242,95.632,0.6099999999999994,False
STR,Aston Martin,36.0,0 days 00:01:36.086000,HARD,9.0,3.0,,,True,96.086,95.632,0.4539999999999935,False
STR,Aston Martin,37.0,0 days 00:01:35.987000,HARD,10.0,3.0,,,True,95.987,95.632,0.35499999999998977,False
STR,Aston Martin,38.0,0 days 00:01:36.364000,HARD,11.0,3.0,,,True,96.364,95.632,0.7319999999999993,False
STR,Aston Martin,39.0,0 days 00:01:36.353000,HARD,12.0,3.0,,,True,96.353,95.632,0.7209999999999894,False
STR,Aston Martin,40.0,0 days 00:01:36.485000,HARD,13.0,3.0,,,True,96.485,95.632,0.8529999999999944,False
STR,Aston Martin,41.0,0 days 00:01:36.322000,HARD,14.0,3.0,,,True,96.322,95.632,0.6899999999999977,False
STR,Aston Martin,42.0,0 days 00:01:36.343000,HARD,15.0,3.0,,,True,96.343,95.632,0.7109999999999985,False
STR,Aston Martin,43.0,0 days 00:01:36.304000,HARD,16.0,3.0,,,True,96.304,95.632,0.671999999999997,False
STR,Aston Martin,44.0,0 days 00:01:36.564000,HARD,17.0,3.0,,,True,96.564,95.632,0.931999999999988,False
STR,Aston Martin,45.0,0 days 00:01:36.243000,HARD,18.0,3.0,,,True,96.243,95.632,0.61099999999999,False
STR,Aston Martin,46.0,0 days 00:01:36.379000,HARD,19.0,3.0,,,True,96.379,95.632,0.7469999999999999,False
STR,Aston Martin,47.0,0 days 00:01:36.298000,HARD,20.0,3.0,,,True,96.298,95.632,0.6659999999999968,False
STR,Aston Martin,48.0,0 days 00:01:37.325000,HARD,21.0,3.0,,,True,97.325,95.632,1.6929999999999978,False
STR,Aston Martin,49.0,0 days 00:01:36.871000,HARD,22.0,3.0,,,True,96.871,95.632,1.23899999999999,False
STR,Aston Martin,50.0,0 days 00:01:36.541000,HARD,23.0,3.0,,,True,96.541,95.632,0.9089999999999918,False
STR,Aston Martin,51.0,0 days 00:01:36.763000,HARD,24.0,3.0,,,True,96.763,95.632,1.1310000000000002,False
STR,Aston Martin,52.0,0 days 00:01:36.934000,HARD,25.0,3.0,,,True,96.934,95.632,1.3019999999999925,False
STR,Aston Martin,53.0,0 days 00:01:36.640000,HARD,26.0,3.0,,,True,96.64,95.632,1.0079999999999956,False
STR,Aston Martin,54.0,0 days 00:01:36.693000,HARD,27.0,3.0,,,True,96.693,95.632,1.0609999999999928,False
STR,Aston Martin,55.0,0 days 00:01:36.680000,HARD,28.0,3.0,,,True,96.68,95.632,1.0480000000000018,False
STR,Aston Martin,56.0,0 days 00:01:36.582000,HARD,29.0,3.0,,,True,96.582,95.632,0.9499999999999886,False
STR,Aston Martin,57.0,0 days 00:01:37.335000,HARD,30.0,3.0,,,True,97.335,95.632,1.7029999999999887,False
ZHO,Kick Sauber,2.0,0 days 00:01:38.920000,SOFT,2.0,1.0,,,True,98.92,98.428,0.49200000000000443,False
ZHO,Kick Sauber,3.0,0 days 00:01:38.582000,SOFT,3.0,1.0,,,True,98.582,98.428,0.15399999999999636,False
ZHO,Kick Sauber,4.0,0 days 00:01:38.428000,SOFT,4.0,1.0,,,True,98.428,98.428,0.0,False
ZHO,Kick Sauber,5.0,0 days 00:01:38.798000,SOFT,5.0,1.0,,,True,98.798,98.428,0.37000000000000455,False
ZHO,Kick Sauber,6.0,0 days 00:01:38.488000,SOFT,6.0,1.0,,,True,98.488,98.428,0.060000000000002274,False
ZHO,Kick Sauber,7.0,0 days 00:01:39.517000,SOFT,7.0,1.0,,,True,99.517,98.428,1.0889999999999986,False
ZHO,Kick Sauber,8.0,0 days 00:01:39.646000,SOFT,8.0,1.0,,,True,99.646,98.428,1.2180000000000035,False
ZHO,Kick Sauber,11.0,0 days 00:01:36.365000,HARD,2.0,2.0,,,True,96.365,96.365,0.0,False
ZHO,Kick Sauber,12.0,0 days 00:01:36.995000,HARD,3.0,2.0,,,True,96.995,96.365,0.6300000000000097,False
ZHO,Kick Sauber,13.0,0 days 00:01:37.436000,HARD,4.0,2.0,,,True,97.436,96.365,1.0710000000000122,False
ZHO,Kick Sauber,14.0,0 days 00:01:37.482000,HARD,5.0,2.0,,,True,97.482,96.365,1.1170000000000044,False
ZHO,Kick Sauber,15.0,0 days 00:01:37.500000,HARD,6.0,2.0,,,True,97.5,96.365,1.1350000000000051,False
ZHO,Kick Sauber,16.0,0 days 00:01:37.659000,HARD,7.0,2.0,,,True,97.659,96.365,1.2940000000000111,False
ZHO,Kick Sauber,17.0,0 days 00:01:38.475000,HARD,8.0,2.0,,,True,98.475,96.365,2.1099999999999994,False
ZHO,Kick Sauber,18.0,0 days 00:01:37.552000,HARD,9.0,2.0,,,True,97.552,96.365,1.1870000000000118,False
ZHO,Kick Sauber,19.0,0 days 00:01:37.652000,HARD,10.0,2.0,,,True,97.652,96.365,1.2870000000000061,False
ZHO,Kick Sauber,20.0,0 days 00:01:37.749000,HARD,11.0,2.0,,,True,97.749,96.365,1.3840000000000003,False
ZHO,Kick Sauber,21.0,0 days 00:01:37.947000,HARD,12.0,2.0,,,True,97.947,96.365,1.5820000000000078,False
ZHO,Kick Sauber,22.0,0 days 00:01:37.852000,HARD,13.0,2.0,,,True,97.852,96.365,1.487000000000009,False
ZHO,Kick Sauber,23.0,0 days 00:01:37.788000,HARD,14.0,2.0,,,True,97.788,96.365,1.4230000000000018,False
ZHO,Kick Sauber,24.0,0 days 00:01:37.894000,HARD,15.0,2.0,,,True,97.894,96.365,1.5290000000000106,False
ZHO,Kick Sauber,25.0,0 days 00:01:37.883000,HARD,16.0,2.0,,,True,97.883,96.365,1.5180000000000007,False
ZHO,Kick Sauber,26.0,0 days 00:01:37.995000,HARD,17.0,2.0,,,True,97.995,96.365,1.6300000000000097,False
ZHO,Kick Sauber,27.0,0 days 00:01:38.053000,HARD,18.0,2.0,,,True,98.053,96.365,1.6880000000000024,False
ZHO,Kick Sauber,30.0,0 days 00:01:35.458000,HARD,2.0,3.0,,,True,95.458,95.458,0.0,False
ZHO,Kick Sauber,31.0,0 days 00:01:36.297000,HARD,3.0,3.0,,,True,96.297,95.458,0.8389999999999986,False
ZHO,Kick Sauber,32.0,0 days 00:01:36.048000,HARD,4.0,3.0,,,True,96.048,95.458,0.5900000000000034,False
ZHO,Kick Sauber,33.0,0 days 00:01:37.971000,HARD,5.0,3.0,,,True,97.971,95.458,2.5130000000000052,False
ZHO,Kick Sauber,34.0,0 days 00:01:36.518000,HARD,6.0,3.0,,,True,96.518,95.458,1.0600000000000023,False
ZHO,Kick Sauber,35.0,0 days 00:01:36.546000,HARD,7.0,3.0,,,True,96.546,95.458,1.088000000000008,False
ZHO,Kick Sauber,36.0,0 days 00:01:36.931000,HARD,8.0,3.0,,,True,96.931,95.458,1.472999999999999,False
ZHO,Kick Sauber,37.0,0 days 00:01:36.805000,HARD,9.0,3.0,,,True,96.805,95.458,1.3470000000000084,False
ZHO,Kick Sauber,38.0,0 days 00:01:36.857000,HARD,10.0,3.0,,,True,96.857,95.458,1.399000000000001,False
ZHO,Kick Sauber,39.0,0 days 00:01:36.637000,HARD,11.0,3.0,,,True,96.637,95.458,1.179000000000002,False
ZHO,Kick Sauber,40.0,0 days 00:01:36.683000,HARD,12.0,3.0,,,True,96.683,95.458,1.2250000000000085,False
ZHO,Kick Sauber,41.0,0 days 00:01:36.695000,HARD,13.0,3.0,,,True,96.695,95.458,1.2369999999999948,False
ZHO,Kick Sauber,42.0,0 days 00:01:36.652000,HARD,14.0,3.0,,,True,96.652,95.458,1.1940000000000026,False
ZHO,Kick Sauber,43.0,0 days 00:01:36.771000,HARD,15.0,3.0,,,True,96.771,95.458,1.3130000000000024,False
ZHO,Kick Sauber,44.0,0 days 00:01:37.417000,HARD,16.0,3.0,,,True,97.417,95.458,1.9590000000000032,False
ZHO,Kick Sauber,45.0,0 days 00:01:36.680000,HARD,17.0,3.0,,,True,96.68,95.458,1.2220000000000084,False
ZHO,Kick Sauber,46.0,0 days 00:01:36.741000,HARD,18.0,3.0,,,True,96.741,95.458,1.2830000000000013,False
ZHO,Kick Sauber,47.0,0 days 00:01:36.561000,HARD,19.0,3.0,,,True,96.561,95.458,1.1030000000000086,False
ZHO,Kick Sauber,48.0,0 days 00:01:36.654000,HARD,20.0,3.0,,,True,96.654,95.458,1.195999999999998,False
ZHO,Kick Sauber,49.0,0 days 00:01:36.720000,HARD,21.0,3.0,,,True,96.72,95.458,1.2620000000000005,False
ZHO,Kick Sauber,50.0,0 days 00:01:36.792000,HARD,22.0,3.0,,,True,96.792,95.458,1.3340000000000032,False
ZHO,Kick Sauber,51.0,0 days 00:01:37.042000,HARD,23.0,3.0,,,True,97.042,95.458,1.5840000000000032,False
ZHO,Kick Sauber,52.0,0 days 00:01:37.394000,HARD,24.0,3.0,,,True,97.394,95.458,1.936000000000007,False
ZHO,Kick Sauber,53.0,0 days 00:01:37.141000,HARD,25.0,3.0,,,True,97.141,95.458,1.683000000000007,False
ZHO,Kick Sauber,54.0,0 days 00:01:38.389000,HARD,26.0,3.0,,,True,98.389,95.458,2.9309999999999974,False
ZHO,Kick Sauber,55.0,0 days 00:01:37.383000,HARD,27.0,3.0,,,True,97.383,95.458,1.9249999999999972,False
ZHO,Kick Sauber,56.0,0 days 00:01:37.333000,HARD,28.0,3.0,,,True,97.333,95.458,1.875,False
MAG,Haas F1 Team,2.0,0 days 00:01:38.911000,SOFT,2.0,1.0,,,True,98.911,98.399,0.5120000000000005,False
MAG,Haas F1 Team,3.0,0 days 00:01:38.399000,SOFT,3.0,1.0,,,True,98.399,98.399,0.0,False
MAG,Haas F1 Team,4.0,0 days 00:01:38.497000,SOFT,4.0,1.0,,,True,98.497,98.399,0.09799999999999898,False
MAG,Haas F1 Team,5.0,0 days 00:01:38.576000,SOFT,5.0,1.0,,,True,98.576,98.399,0.1769999999999925,False
MAG,Haas F1 Team,6.0,0 days 00:01:38.529000,SOFT,6.0,1.0,,,True,98.529,98.399,0.12999999999999545,False
MAG,Haas F1 Team,7.0,0 days 00:01:40.058000,SOFT,7.0,1.0,,,True,100.058,98.399,1.659000000000006,False
MAG,Haas F1 Team,8.0,0 days 00:01:39.172000,SOFT,8.0,1.0,,,True,99.172,98.399,0.7729999999999961,False
MAG,Haas F1 Team,9.0,0 days 00:01:38.861000,SOFT,9.0,1.0,,,True,98.861,98.399,0.4620000000000033,False
MAG,Haas F1 Team,10.0,0 days 00:01:38.747000,SOFT,10.0,1.0,,,True,98.747,98.399,0.347999999999999,False
MAG,Haas F1 Team,13.0,0 days 00:01:36.890000,HARD,2.0,2.0,,,True,96.89,96.89,0.0,False
MAG,Haas F1 Team,14.0,0 days 00:01:37.590000,HARD,3.0,2.0,,,True,97.59,96.89,0.7000000000000028,False
MAG,Haas F1 Team,15.0,0 days 00:01:38.332000,HARD,4.0,2.0,,,True,98.332,96.89,1.441999999999993,False
MAG,Haas F1 Team,16.0,0 days 00:01:37.749000,HARD,5.0,2.0,,,True,97.749,96.89,0.8589999999999947,False
MAG,Haas F1 Team,17.0,0 days 00:01:38.282000,HARD,6.0,2.0,,,True,98.282,96.89,1.391999999999996,False
MAG,Haas F1 Team,18.0,0 days 00:01:37.583000,HARD,7.0,2.0,,,True,97.583,96.89,0.6929999999999978,False
MAG,Haas F1 Team,19.0,0 days 00:01:37.792000,HARD,8.0,2.0,,,True,97.792,96.89,0.902000000000001,False
MAG,Haas F1 Team,20.0,0 days 00:01:38.062000,HARD,9.0,2.0,,,True,98.062,96.89,1.171999999999997,False
MAG,Haas F1 Team,21.0,0 days 00:01:38.010000,HARD,10.0,2.0,,,True,98.01,96.89,1.1200000000000045,False
MAG,Haas F1 Team,22.0,0 days 00:01:38.147000,HARD,11.0,2.0,,,True,98.147,96.89,1.257000000000005,False
MAG,Haas F1 Team,23.0,0 days 00:01:38.293000,HARD,12.0,2.0,,,True,98.293,96.89,1.4030000000000058,False
MAG,Haas F1 Team,24.0,0 days 00:01:38.156000,HARD,13.0,2.0,,,True,98.156,96.89,1.2660000000000053,False
MAG,Haas F1 Team,25.0,0 days 00:01:38.290000,HARD,14.0,2.0,,,True,98.29,96.89,1.4000000000000057,False
MAG,Haas F1 Team,26.0,0 days 00:01:38.093000,HARD,15.0,2.0,,,True,98.093,96.89,1.203000000000003,False
MAG,Haas F1 Team,27.0,0 days 00:01:38.226000,HARD,16.0,2.0,,,True,98.226,96.89,1.3359999999999985,False
MAG,Haas F1 Team,28.0,0 days 00:01:37.936000,HARD,17.0,2.0,,,True,97.936,96.89,1.0460000000000065,False
MAG,Haas F1 Team,29.0,0 days 00:01:37.965000,HARD,18.0,2.0,,,True,97.965,96.89,1.0750000000000028,False
MAG,Haas F1 Team,30.0,0 days 00:01:38.040000,HARD,19.0,2.0,,,True,98.04,96.89,1.1500000000000057,False
MAG,Haas F1 Team,31.0,0 days 00:01:38,HARD,20.0,2.0,,,True,98.0,96.89,1.1099999999999994,False
MAG,Haas F1 Team,34.0,0 days 00:01:35.570000,HARD,2.0,3.0,,,True,95.57,95.57,0.0,False
MAG,Haas F1 Team,35.0,0 days 00:01:35.698000,HARD,3.0,3.0,,,True,95.698,95.57,0.1280000000000001,False
MAG,Haas F1 Team,36.0,0 days 00:01:35.851000,HARD,4.0,3.0,,,True,95.851,95.57,0.2810000000000059,False
MAG,Haas F1 Team,37.0,0 days 00:01:35.741000,HARD,5.0,3.0,,,True,95.741,95.57,0.17100000000000648,False
MAG,Haas F1 Team,38.0,0 days 00:01:36.042000,HARD,6.0,3.0,,,True,96.042,95.57,0.4720000000000084,False
MAG,Haas F1 Team,39.0,0 days 00:01:35.876000,HARD,7.0,3.0,,,True,95.876,95.57,0.3060000000000116,False
MAG,Haas F1 Team,40.0,0 days 00:01:36.071000,HARD,8.0,3.0,,,True,96.071,95.57,0.5010000000000048,False
MAG,Haas F1 Team,41.0,0 days 00:01:36.340000,HARD,9.0,3.0,,,True,96.34,95.57,0.7700000000000102,False
MAG,Haas F1 Team,42.0,0 days 00:01:36.310000,HARD,10.0,3.0,,,True,96.31,95.57,0.7400000000000091,False
MAG,Haas F1 Team,43.0,0 days 00:01:36.232000,HARD,11.0,3.0,,,True,96.232,95.57,0.6620000000000061,False
MAG,Haas F1 Team,44.0,0 days 00:01:36.249000,HARD,12.0,3.0,,,True,96.249,95.57,0.679000000000002,False
MAG,Haas F1 Team,45.0,0 days 00:01:36.349000,HARD,13.0,3.0,,,True,96.349,95.57,0.7790000000000106,False
MAG,Haas F1 Team,46.0,0 days 00:01:36.446000,HARD,14.0,3.0,,,True,96.446,95.57,0.8760000000000048,False
MAG,Haas F1 Team,47.0,0 days 00:01:36.454000,HARD,15.0,3.0,,,True,96.454,95.57,0.8840000000000003,False
MAG,Haas F1 Team,48.0,0 days 00:01:36.679000,HARD,16.0,3.0,,,True,96.679,95.57,1.1090000000000089,False
MAG,Haas F1 Team,49.0,0 days 00:01:36.842000,HARD,17.0,3.0,,,True,96.842,95.57,1.2720000000000056,False
MAG,Haas F1 Team,50.0,0 days 00:01:37.035000,HARD,18.0,3.0,,,True,97.035,95.57,1.4650000000000034,False
MAG,Haas F1 Team,51.0,0 days 00:01:36.929000,HARD,19.0,3.0,,,True,96.929,95.57,1.3590000000000089,False
MAG,Haas F1 Team,52.0,0 days 00:01:36.930000,HARD,20.0,3.0,,,True,96.93,95.57,1.3600000000000136,False
MAG,Haas F1 Team,53.0,0 days 00:01:37.958000,HARD,21.0,3.0,,,True,97.958,95.57,2.3880000000000052,False
MAG,Haas F1 Team,54.0,0 days 00:01:36.890000,HARD,22.0,3.0,,,True,96.89,95.57,1.3200000000000074,False
MAG,Haas F1 Team,55.0,0 days 00:01:37.457000,HARD,23.0,3.0,,,True,97.457,95.57,1.8870000000000005,False
MAG,Haas F1 Team,56.0,0 days 00:01:37.584000,HARD,24.0,3.0,,,True,97.584,95.57,2.01400000000001,False
RIC,RB,2.0,0 days 00:01:39.509000,SOFT,5.0,1.0,,,True,99.509,98.61,0.8990000000000009,False
RIC,RB,3.0,0 days 00:01:38.760000,SOFT,6.0,1.0,,,True,98.76,98.61,0.15000000000000568,False
RIC,RB,4.0,0 days 00:01:38.610000,SOFT,7.0,1.0,,,True,98.61,98.61,0.0,False
RIC,RB,5.0,0 days 00:01:38.704000,SOFT,8.0,1.0,,,True,98.704,98.61,0.09399999999999409,False
RIC,RB,6.0,0 days 00:01:38.689000,SOFT,9.0,1.0,,,True,98.689,98.61,0.07899999999999352,False
RIC,RB,7.0,0 days 00:01:39.193000,SOFT,10.0,1.0,,,True,99.193,98.61,0.5829999999999984,False
RIC,RB,8.0,0 days 00:01:39.529000,SOFT,11.0,1.0,,,True,99.529,98.61,0.9189999999999969,False
RIC,RB,9.0,0 days 00:01:39.338000,SOFT,12.0,1.0,,,True,99.338,98.61,0.7279999999999944,False
RIC,RB,10.0,0 days 00:01:38.782000,SOFT,13.0,1.0,,,True,98.782,98.61,0.17199999999999704,False
RIC,RB,11.0,0 days 00:01:39.033000,SOFT,14.0,1.0,,,True,99.033,98.61,0.4230000000000018,False
RIC,RB,12.0,0 days 00:01:38.893000,SOFT,15.0,1.0,,,True,98.893,98.61,0.28300000000000125,False
RIC,RB,15.0,0 days 00:01:37.070000,HARD,2.0,2.0,,,True,97.07,97.07,0.0,False
RIC,RB,16.0,0 days 00:01:37.176000,HARD,3.0,2.0,,,True,97.176,97.07,0.10600000000000875,False
RIC,RB,17.0,0 days 00:01:37.290000,HARD,4.0,2.0,,,True,97.29,97.07,0.22000000000001307,False
RIC,RB,18.0,0 days 00:01:37.700000,HARD,5.0,2.0,,,True,97.7,97.07,0.6300000000000097,False
RIC,RB,19.0,0 days 00:01:38.350000,HARD,6.0,2.0,,,True,98.35,97.07,1.2800000000000011,False
RIC,RB,20.0,0 days 00:01:37.865000,HARD,7.0,2.0,,,True,97.865,97.07,0.7950000000000017,False
RIC,RB,21.0,0 days 00:01:37.392000,HARD,8.0,2.0,,,True,97.392,97.07,0.32200000000000273,False
RIC,RB,22.0,0 days 00:01:37.750000,HARD,9.0,2.0,,,True,97.75,97.07,0.6800000000000068,False
RIC,RB,23.0,0 days 00:01:37.772000,HARD,10.0,2.0,,,True,97.772,97.07,0.7020000000000124,False
RIC,RB,24.0,0 days 00:01:37.766000,HARD,11.0,2.0,,,True,97.766,97.07,0.6960000000000122,False
RIC,RB,25.0,0 days 00:01:37.973000,HARD,12.0,2.0,,,True,97.973,97.07,0.9030000000000058,False
RIC,RB,26.0,0 days 00:01:38.029000,HARD,13.0,2.0,,,True,98.029,97.07,0.9590000000000032,False
RIC,RB,27.0,0 days 00:01:38.152000,HARD,14.0,2.0,,,True,98.152,97.07,1.0820000000000078,False
RIC,RB,28.0,0 days 00:01:38.045000,HARD,15.0,2.0,,,True,98.045,97.07,0.9750000000000085,False
RIC,RB,29.0,0 days 00:01:37.960000,HARD,16.0,2.0,,,True,97.96,97.07,0.8900000000000006,False
RIC,RB,30.0,0 days 00:01:37.978000,HARD,17.0,2.0,,,True,97.978,97.07,0.9080000000000013,False
RIC,RB,31.0,0 days 00:01:38.154000,HARD,18.0,2.0,,,True,98.154,97.07,1.0840000000000032,False
RIC,RB,32.0,0 days 00:01:38.025000,HARD,19.0,2.0,,,True,98.025,97.07,0.9550000000000125,False
RIC,RB,33.0,0 days 00:01:38.150000,HARD,20.0,2.0,,,True,98.15,97.07,1.0800000000000125,False
RIC,RB,34.0,0 days 00:01:38.246000,HARD,21.0,2.0,,,True,98.246,97.07,1.176000000000002,False
RIC,RB,37.0,0 days 00:01:35.163000,SOFT,2.0,3.0,,,True,95.163,95.163,0.0,False
RIC,RB,38.0,0 days 00:01:35.460000,SOFT,3.0,3.0,,,True,95.46,95.163,0.29699999999999704,False
RIC,RB,39.0,0 days 00:01:35.475000,SOFT,4.0,3.0,,,True,95.475,95.163,0.3119999999999976,False
RIC,RB,40.0,0 days 00:01:35.578000,SOFT,5.0,3.0,,,True,95.578,95.163,0.41500000000000625,False
RIC,RB,41.0,0 days 00:01:35.644000,SOFT,6.0,3.0,,,True,95.644,95.163,0.48100000000000875,False
RIC,RB,42.0,0 days 00:01:35.338000,SOFT,7.0,3.0,,,True,95.338,95.163,0.17499999999999716,False
RIC,RB,43.0,0 days 00:01:35.560000,SOFT,8.0,3.0,,,True,95.56,95.163,0.39700000000000557,False
RIC,RB,44.0,0 days 00:01:35.490000,SOFT,9.0,3.0,,,True,95.49,95.163,0.3269999999999982,False
RIC,RB,45.0,0 days 00:01:35.570000,SOFT,10.0,3.0,,,True,95.57,95.163,0.4069999999999965,False
RIC,RB,46.0,0 days 00:01:35.507000,SOFT,11.0,3.0,,,True,95.507,95.163,0.3440000000000083,False
RIC,RB,47.0,0 days 00:01:35.831000,SOFT,12.0,3.0,,,True,95.831,95.163,0.6680000000000064,False
RIC,RB,48.0,0 days 00:01:36.236000,SOFT,13.0,3.0,,,True,96.236,95.163,1.0730000000000075,False
RIC,RB,49.0,0 days 00:01:36.442000,SOFT,14.0,3.0,,,True,96.442,95.163,1.2789999999999964,False
RIC,RB,50.0,0 days 00:01:36.609000,SOFT,15.0,3.0,,,True,96.609,95.163,1.445999999999998,False
RIC,RB,51.0,0 days 00:01:37.103000,SOFT,16.0,3.0,,,True,97.103,95.163,1.9399999999999977,False
RIC,RB,52.0,0 days 00:01:37.529000,SOFT,17.0,3.0,,,True,97.529,95.163,2.3659999999999997,False
RIC,RB,53.0,0 days 00:01:36.745000,SOFT,18.0,3.0,,,True,96.745,95.163,1.5820000000000078,False
RIC,RB,54.0,0 days 00:01:36.661000,SOFT,19.0,3.0,,,True,96.661,95.163,1.4980000000000047,False
RIC,RB,55.0,0 days 00:01:37.375000,SOFT,20.0,3.0,,,True,97.375,95.163,2.2120000000000033,False
RIC,RB,56.0,0 days 00:01:37.662000,SOFT,21.0,3.0,,,True,97.662,95.163,2.4990000000000094,False
TSU,RB,2.0,0 days 00:01:38.689000,SOFT,2.0,1.0,,,True,98.689,98.31,0.3789999999999907,False
TSU,RB,3.0,0 days 00:01:38.431000,SOFT,3.0,1.0,,,True,98.431,98.31,0.12099999999999511,False
TSU,RB,4.0,0 days 00:01:38.310000,SOFT,4.0,1.0,,,True,98.31,98.31,0.0,False
TSU,RB,5.0,0 days 00:01:38.321000,SOFT,5.0,1.0,,,True,98.321,98.31,0.01099999999999568,False
TSU,RB,6.0,0 days 00:01:38.361000,SOFT,6.0,1.0,,,True,98.361,98.31,0.05100000000000193,False
TSU,RB,7.0,0 days 00:01:38.364000,SOFT,7.0,1.0,,,True,98.364,98.31,0.054000000000002046,False
TSU,RB,8.0,0 days 00:01:38.513000,SOFT,8.0,1.0,,,True,98.513,98.31,0.20300000000000296,False
TSU,RB,9.0,0 days 00:01:38.554000,SOFT,9.0,1.0,,,True,98.554,98.31,0.24399999999999977,False
TSU,RB,10.0,0 days 00:01:38.912000,SOFT,10.0,1.0,,,True,98.912,98.31,0.6020000000000039,False
TSU,RB,11.0,0 days 00:01:38.799000,SOFT,11.0,1.0,,,True,98.799,98.31,0.4890000000000043,False
TSU,RB,12.0,0 days 00:01:38.769000,SOFT,12.0,1.0,,,True,98.769,98.31,0.4590000000000032,False
TSU,RB,13.0,0 days 00:01:38.860000,SOFT,13.0,1.0,,,True,98.86,98.31,0.5499999999999972,False
TSU,RB,16.0,0 days 00:01:37.516000,HARD,2.0,2.0,,,True,97.516,97.359,0.1570000000000107,False
TSU,RB,17.0,0 days 00:01:37.482000,HARD,3.0,2.0,,,True,97.482,97.359,0.12300000000000466,False
TSU,RB,18.0,0 days 00:01:37.359000,HARD,4.0,2.0,,,True,97.359,97.359,0.0,False
TSU,RB,19.0,0 days 00:01:37.396000,HARD,5.0,2.0,,,True,97.396,97.359,0.03700000000000614,False
TSU,RB,20.0,0 days 00:01:37.766000,HARD,6.0,2.0,,,True,97.766,97.359,0.4070000000000107,False
TSU,RB,21.0,0 days 00:01:37.777000,HARD,7.0,2.0,,,True,97.777,97.359,0.41800000000000637,False
TSU,RB,22.0,0 days 00:01:37.837000,HARD,8.0,2.0,,,True,97.837,97.359,0.47800000000000864,False
TSU,RB,23.0,0 days 00:01:37.671000,HARD,9.0,2.0,,,True,97.671,97.359,0.3120000000000118,False
TSU,RB,24.0,0 days 00:01:37.634000,HARD,10.0,2.0,,,True,97.634,97.359,0.2750000000000057,False
TSU,RB,25.0,0 days 00:01:37.851000,HARD,11.0,2.0,,,True,97.851,97.359,0.49200000000000443,False
TSU,RB,26.0,0 days 00:01:38.058000,HARD,12.0,2.0,,,True,98.058,97.359,0.6990000000000123,False
TSU,RB,27.0,0 days 00:01:38.083000,HARD,13.0,2.0,,,True,98.083,97.359,0.7240000000000038,False
TSU,RB,28.0,0 days 00:01:38.164000,HARD,14.0,2.0,,,True,98.164,97.359,0.8050000000000068,False
TSU,RB,29.0,0 days 00:01:37.777000,HARD,15.0,2.0,,,True,97.777,97.359,0.41800000000000637,False
TSU,RB,30.0,0 days 00:01:37.477000,HARD,16.0,2.0,,,True,97.477,97.359,0.11800000000000921,False
TSU,RB,31.0,0 days 00:01:37.468000,HARD,17.0,2.0,,,True,97.468,97.359,0.10900000000000887,False
TSU,RB,32.0,0 days 00:01:37.847000,HARD,18.0,2.0,,,True,97.847,97.359,0.48799999999999955,False
TSU,RB,33.0,0 days 00:01:37.498000,HARD,19.0,2.0,,,True,97.498,97.359,0.13900000000001,False
TSU,RB,36.0,0 days 00:01:37.706000,HARD,2.0,3.0,,,True,97.706,95.833,1.8730000000000047,False
TSU,RB,37.0,0 days 00:01:35.833000,HARD,3.0,3.0,,,True,95.833,95.833,0.0,False
TSU,RB,38.0,0 days 00:01:37.046000,HARD,4.0,3.0,,,True,97.046,95.833,1.213000000000008,False
TSU,RB,39.0,0 days 00:01:36.125000,HARD,5.0,3.0,,,True,96.125,95.833,0.2920000000000016,False
TSU,RB,40.0,0 days 00:01:36.263000,HARD,6.0,3.0,,,True,96.263,95.833,0.4300000000000068,False
TSU,RB,41.0,0 days 00:01:36.179000,HARD,7.0,3.0,,,True,96.179,95.833,0.34600000000000364,False
TSU,RB,42.0,0 days 00:01:35.981000,HARD,8.0,3.0,,,True,95.981,95.833,0.14799999999999613,False
TSU,RB,43.0,0 days 00:01:35.956000,HARD,9.0,3.0,,,True,95.956,95.833,0.12300000000000466,False
TSU,RB,44.0,0 days 00:01:36.144000,HARD,10.0,3.0,,,True,96.144,95.833,0.31100000000000705,False
TSU,RB,45.0,0 days 00:01:35.964000,HARD,11.0,3.0,,,True,95.964,95.833,0.13100000000000023,False
TSU,RB,46.0,0 days 00:01:36.187000,HARD,12.0,3.0,,,True,96.187,95.833,0.3539999999999992,False
TSU,RB,47.0,0 days 00:01:36.396000,HARD,13.0,3.0,,,True,96.396,95.833,0.5630000000000024,False
TSU,RB,48.0,0 days 00:01:36.554000,HARD,14.0,3.0,,,True,96.554,95.833,0.7210000000000036,False
TSU,RB,49.0,0 days 00:01:36.695000,HARD,15.0,3.0,,,True,96.695,95.833,0.8619999999999948,False
TSU,RB,50.0,0 days 00:01:36.827000,HARD,16.0,3.0,,,True,96.827,95.833,0.9939999999999998,False
TSU,RB,51.0,0 days 00:01:37.067000,HARD,17.0,3.0,,,True,97.067,95.833,1.2339999999999947,False
TSU,RB,52.0,0 days 00:01:39.042000,HARD,18.0,3.0,,,True,99.042,95.833,3.209000000000003,False
TSU,RB,53.0,0 days 00:01:36.838000,HARD,19.0,3.0,,,True,96.838,95.833,1.0049999999999955,False
TSU,RB,54.0,0 days 00:01:36.672000,HARD,20.0,3.0,,,True,96.672,95.833,0.8389999999999986,False
TSU,RB,55.0,0 days 00:01:37.269000,HARD,21.0,3.0,,,True,97.269,95.833,1.436000000000007,False
TSU,RB,56.0,0 days 00:01:37.473000,HARD,22.0,3.0,,,True,97.473,95.833,1.6400000000000006,False
ALB,Williams,2.0,0 days 00:01:38.826000,SOFT,2.0,1.0,,,True,98.826,98.422,0.40399999999999636,False
ALB,Williams,3.0,0 days 00:01:38.507000,SOFT,3.0,1.0,,,True,98.507,98.422,0.08500000000000796,False
ALB,Williams,4.0,0 days 00:01:38.422000,SOFT,4.0,1.0,,,True,98.422,98.422,0.0,False
ALB,Williams,5.0,0 days 00:01:38.509000,SOFT,5.0,1.0,,,True,98.509,98.422,0.0870000000000033,False
ALB,Williams,6.0,0 days 00:01:38.575000,SOFT,6.0,1.0,,,True,98.575,98.422,0.1530000000000058,False
ALB,Williams,7.0,0 days 00:01:38.971000,SOFT,7.0,1.0,,,True,98.971,98.422,0.5490000000000066,False
ALB,Williams,8.0,0 days 00:01:38.660000,SOFT,8.0,1.0,,,True,98.66,98.422,0.23799999999999955,False
ALB,Williams,9.0,0 days 00:01:38.652000,SOFT,9.0,1.0,,,True,98.652,98.422,0.23000000000000398,False
ALB,Williams,10.0,0 days 00:01:38.952000,SOFT,10.0,1.0,,,True,98.952,98.422,0.5300000000000011,False
ALB,Williams,11.0,0 days 00:01:38.835000,SOFT,11.0,1.0,,,True,98.835,98.422,0.4129999999999967,False
ALB,Williams,12.0,0 days 00:01:38.934000,SOFT,12.0,1.0,,,True,98.934,98.422,0.5120000000000005,False
ALB,Williams,13.0,0 days 00:01:38.823000,SOFT,13.0,1.0,,,True,98.823,98.422,0.40099999999999625,False
ALB,Williams,14.0,0 days 00:01:38.977000,SOFT,14.0,1.0,,,True,98.977,98.422,0.5550000000000068,False
ALB,Williams,17.0,0 days 00:01:37.392000,HARD,2.0,2.0,,,True,97.392,97.392,0.0,False
ALB,Williams,18.0,0 days 00:01:37.590000,HARD,3.0,2.0,,,True,97.59,97.392,0.1980000000000075,False
ALB,Williams,19.0,0 days 00:01:37.763000,HARD,4.0,2.0,,,True,97.763,97.392,0.3710000000000093,False
ALB,Williams,20.0,0 days 00:01:37.701000,HARD,5.0,2.0,,,True,97.701,97.392,0.3089999999999975,False
ALB,Williams,21.0,0 days 00:01:37.918000,HARD,6.0,2.0,,,True,97.918,97.392,0.5260000000000105,False
ALB,Williams,22.0,0 days 00:01:38.031000,HARD,7.0,2.0,,,True,98.031,97.392,0.63900000000001,False
ALB,Williams,23.0,0 days 00:01:37.869000,HARD,8.0,2.0,,,True,97.869,97.392,0.47700000000000387,False
ALB,Williams,24.0,0 days 00:01:38.204000,HARD,9.0,2.0,,,True,98.204,97.392,0.8119999999999976,False
ALB,Williams,25.0,0 days 00:01:38.226000,HARD,10.0,2.0,,,True,98.226,97.392,0.8340000000000032,False
ALB,Williams,26.0,0 days 00:01:38.100000,HARD,11.0,2.0,,,True,98.1,97.392,0.7079999999999984,False
ALB,Williams,27.0,0 days 00:01:38.296000,HARD,12.0,2.0,,,True,98.296,97.392,0.9040000000000106,False
ALB,Williams,28.0,0 days 00:01:38.048000,HARD,13.0,2.0,,,True,98.048,97.392,0.6560000000000059,False
ALB,Williams,29.0,0 days 00:01:37.879000,HARD,14.0,2.0,,,True,97.879,97.392,0.487000000000009,False
ALB,Williams,30.0,0 days 00:01:37.968000,HARD,15.0,2.0,,,True,97.968,97.392,0.5760000000000076,False
ALB,Williams,31.0,0 days 00:01:38.135000,HARD,16.0,2.0,,,True,98.135,97.392,0.7430000000000092,False
ALB,Williams,32.0,0 days 00:01:38.183000,HARD,17.0,2.0,,,True,98.183,97.392,0.791000000000011,False
ALB,Williams,33.0,0 days 00:01:38.346000,HARD,18.0,2.0,,,True,98.346,97.392,0.9540000000000077,False
ALB,Williams,34.0,0 days 00:01:37.750000,HARD,19.0,2.0,,,True,97.75,97.392,0.3580000000000041,False
ALB,Williams,35.0,0 days 00:01:37.767000,HARD,20.0,2.0,,,True,97.767,97.392,0.375,False
ALB,Williams,38.0,0 days 00:01:36.129000,HARD,2.0,3.0,,,True,96.129,95.723,0.4060000000000059,False
ALB,Williams,39.0,0 days 00:01:35.856000,HARD,3.0,3.0,,,True,95.856,95.723,0.13299999999999557,False
ALB,Williams,40.0,0 days 00:01:35.723000,HARD,4.0,3.0,,,True,95.723,95.723,0.0,False
ALB,Williams,41.0,0 days 00:01:35.885000,HARD,5.0,3.0,,,True,95.885,95.723,0.16200000000000614,False
ALB,Williams,42.0,0 days 00:01:35.799000,HARD,6.0,3.0,,,True,95.799,95.723,0.07600000000000762,False
ALB,Williams,43.0,0 days 00:01:35.766000,HARD,7.0,3.0,,,True,95.766,95.723,0.043000000000006366,False
ALB,Williams,44.0,0 days 00:01:35.783000,HARD,8.0,3.0,,,True,95.783,95.723,0.060000000000002274,False
ALB,Williams,45.0,0 days 00:01:35.758000,HARD,9.0,3.0,,,True,95.758,95.723,0.03499999999999659,False
ALB,Williams,46.0,0 days 00:01:36.008000,HARD,10.0,3.0,,,True,96.008,95.723,0.2849999999999966,False
ALB,Williams,47.0,0 days 00:01:36.026000,HARD,11.0,3.0,,,True,96.026,95.723,0.30299999999999727,False
ALB,Williams,48.0,0 days 00:01:36.135000,HARD,12.0,3.0,,,True,96.135,95.723,0.41200000000000614,False
ALB,Williams,49.0,0 days 00:01:37.102000,HARD,13.0,3.0,,,True,97.102,95.723,1.3790000000000049,False
ALB,Williams,50.0,0 days 00:01:37.616000,HARD,14.0,3.0,,,True,97.616,95.723,1.8930000000000007,False
ALB,Williams,51.0,0 days 00:01:37.493000,HARD,15.0,3.0,,,True,97.493,95.723,1.769999999999996,False
ALB,Williams,52.0,0 days 00:01:36.218000,HARD,16.0,3.0,,,True,96.218,95.723,0.49500000000000455,False
ALB,Williams,53.0,0 days 00:01:36.308000,HARD,17.0,3.0,,,True,96.308,95.723,0.585000000000008,False
ALB,Williams,54.0,0 days 00:01:36.334000,HARD,18.0,3.0,,,True,96.334,95.723,0.6110000000000042,False
ALB,Williams,55.0,0 days 00:01:36.593000,HARD,19.0,3.0,,,True,96.593,95.723,0.8700000000000045,False
ALB,Williams,56.0,0 days 00:01:36.922000,HARD,20.0,3.0,,,True,96.922,95.723,1.198999999999998,False
HUL,Haas F1 Team,3.0,0 days 00:01:37.317000,HARD,2.0,2.0,,,True,97.317,97.317,0.0,False
HUL,Haas F1 Team,4.0,0 days 00:01:37.349000,HARD,3.0,2.0,,,True,97.349,97.317,0.03200000000001069,False
HUL,Haas F1 Team,5.0,0 days 00:01:37.663000,HARD,4.0,2.0,,,True,97.663,97.317,0.34600000000000364,False
HUL,Haas F1 Team,6.0,0 days 00:01:37.896000,HARD,5.0,2.0,,,True,97.896,97.317,0.5790000000000077,False
HUL,Haas F1 Team,7.0,0 days 00:01:37.682000,HARD,6.0,2.0,,,True,97.682,97.317,0.3650000000000091,False
HUL,Haas F1 Team,8.0,0 days 00:01:37.820000,HARD,7.0,2.0,,,True,97.82,97.317,0.5030000000000001,False
HUL,Haas F1 Team,9.0,0 days 00:01:37.883000,HARD,8.0,2.0,,,True,97.883,97.317,0.5660000000000025,False
HUL,Haas F1 Team,10.0,0 days 00:01:38.370000,HARD,9.0,2.0,,,True,98.37,97.317,1.0530000000000115,False
HUL,Haas F1 Team,11.0,0 days 00:01:37.638000,HARD,10.0,2.0,,,True,97.638,97.317,0.32100000000001216,False
HUL,Haas F1 Team,12.0,0 days 00:01:37.706000,HARD,11.0,2.0,,,True,97.706,97.317,0.38900000000001,False
HUL,Haas F1 Team,13.0,0 days 00:01:37.801000,HARD,12.0,2.0,,,True,97.801,97.317,0.48400000000000887,False
HUL,Haas F1 Team,14.0,0 days 00:01:37.879000,HARD,13.0,2.0,,,True,97.879,97.317,0.5620000000000118,False
HUL,Haas F1 Team,15.0,0 days 00:01:38.110000,HARD,14.0,2.0,,,True,98.11,97.317,0.7930000000000064,False
HUL,Haas F1 Team,16.0,0 days 00:01:37.796000,HARD,15.0,2.0,,,True,97.796,97.317,0.4790000000000134,False
HUL,Haas F1 Team,17.0,0 days 00:01:37.891000,HARD,16.0,2.0,,,True,97.891,97.317,0.5740000000000123,False
HUL,Haas F1 Team,18.0,0 days 00:01:38.216000,HARD,17.0,2.0,,,True,98.216,97.317,0.8990000000000009,False
HUL,Haas F1 Team,19.0,0 days 00:01:37.862000,HARD,18.0,2.0,,,True,97.862,97.317,0.5450000000000017,False
HUL,Haas F1 Team,22.0,0 days 00:01:36.858000,HARD,2.0,3.0,,,True,96.858,96.548,0.3100000000000023,False
HUL,Haas F1 Team,23.0,0 days 00:01:36.725000,HARD,3.0,3.0,,,True,96.725,96.548,0.1769999999999925,False
HUL,Haas F1 Team,24.0,0 days 00:01:36.626000,HARD,4.0,3.0,,,True,96.626,96.548,0.07800000000000296,False
HUL,Haas F1 Team,25.0,0 days 00:01:36.652000,HARD,5.0,3.0,,,True,96.652,96.548,0.1039999999999992,False
HUL,Haas F1 Team,26.0,0 days 00:01:36.548000,HARD,6.0,3.0,,,True,96.548,96.548,0.0,False
HUL,Haas F1 Team,27.0,0 days 00:01:36.647000,HARD,7.0,3.0,,,True,96.647,96.548,0.09900000000000375,False
HUL,Haas F1 Team,28.0,0 days 00:01:37.254000,HARD,8.0,3.0,,,True,97.254,96.548,0.7060000000000031,False
HUL,Haas F1 Team,29.0,0 days 00:01:36.837000,HARD,9.0,3.0,,,True,96.837,96.548,0.2890000000000015,False
HUL,Haas F1 Team,30.0,0 days 00:01:36.691000,HARD,10.0,3.0,,,True,96.691,96.548,0.14300000000000068,False
HUL,Haas F1 Team,31.0,0 days 00:01:36.578000,HARD,11.0,3.0,,,True,96.578,96.548,0.030000000000001137,False
HUL,Haas F1 Team,32.0,0 days 00:01:36.935000,HARD,12.0,3.0,,,True,96.935,96.548,0.38700000000000045,False
HUL,Haas F1 Team,33.0,0 days 00:01:36.784000,HARD,13.0,3.0,,,True,96.784,96.548,0.2360000000000042,False
HUL,Haas F1 Team,34.0,0 days 00:01:36.692000,HARD,14.0,3.0,,,True,96.692,96.548,0.14399999999999125,False
HUL,Haas F1 Team,35.0,0 days 00:01:36.959000,HARD,15.0,3.0,,,True,96.959,96.548,0.41100000000000136,False
HUL,Haas F1 Team,36.0,0 days 00:01:36.795000,HARD,16.0,3.0,,,True,96.795,96.548,0.2469999999999999,False
HUL,Haas F1 Team,37.0,0 days 00:01:36.723000,HARD,17.0,3.0,,,True,96.723,96.548,0.17499999999999716,False
HUL,Haas F1 Team,38.0,0 days 00:01:40.083000,HARD,18.0,3.0,,,True,100.083,96.548,3.5349999999999966,False
HUL,Haas F1 Team,39.0,0 days 00:01:37.476000,HARD,19.0,3.0,,,True,97.476,96.548,0.9279999999999973,False
HUL,Haas F1 Team,40.0,0 days 00:01:37.088000,HARD,20.0,3.0,,,True,97.088,96.548,0.539999999999992,False
HUL,Haas F1 Team,43.0,0 days 00:01:35.760000,SOFT,3.0,4.0,,,True,95.76,94.834,0.9260000000000019,False
HUL,Haas F1 Team,44.0,0 days 00:01:35.590000,SOFT,4.0,4.0,,,True,95.59,94.834,0.7560000000000002,False
HUL,Haas F1 Team,45.0,0 days 00:01:35.119000,SOFT,5.0,4.0,,,True,95.119,94.834,0.2849999999999966,False
HUL,Haas F1 Team,46.0,0 days 00:01:34.834000,SOFT,6.0,4.0,,,True,94.834,94.834,0.0,False
HUL,Haas F1 Team,47.0,0 days 00:01:35.226000,SOFT,7.0,4.0,,,True,95.226,94.834,0.3919999999999959,False
HUL,Haas F1 Team,48.0,0 days 00:01:35.146000,SOFT,8.0,4.0,,,True,95.146,94.834,0.3119999999999976,False
HUL,Haas F1 Team,49.0,0 days 00:01:35.494000,SOFT,9.0,4.0,,,True,95.494,94.834,0.6599999999999966,False
HUL,Haas F1 Team,50.0,0 days 00:01:35.167000,SOFT,10.0,4.0,,,True,95.167,94.834,0.3329999999999984,False
HUL,Haas F1 Team,51.0,0 days 00:01:35.529000,SOFT,11.0,4.0,,,True,95.529,94.834,0.6949999999999932,False
HUL,Haas F1 Team,52.0,0 days 00:01:35.921000,SOFT,12.0,4.0,,,True,95.921,94.834,1.0870000000000033,False
HUL,Haas F1 Team,53.0,0 days 00:01:35.994000,SOFT,13.0,4.0,,,True,95.994,94.834,1.1599999999999966,False
HUL,Haas F1 Team,54.0,0 days 00:01:35.786000,SOFT,14.0,4.0,,,True,95.786,94.834,0.9519999999999982,False
HUL,Haas F1 Team,55.0,0 days 00:01:35.736000,SOFT,15.0,4.0,,,True,95.736,94.834,0.902000000000001,False
HUL,Haas F1 Team,56.0,0 days 00:01:35.602000,SOFT,16.0,4.0,,,True,95.602,94.834,0.7680000000000007,False
OCO,Alpine,2.0,0 days 00:01:39.094000,SOFT,2.0,1.0,,,True,99.094,98.625,0.4689999999999941,False
OCO,Alpine,3.0,0 days 00:01:38.771000,SOFT,3.0,1.0,,,True,98.771,98.625,0.1460000000000008,False
OCO,Alpine,4.0,0 days 00:01:38.625000,SOFT,4.0,1.0,,,True,98.625,98.625,0.0,False
OCO,Alpine,5.0,0 days 00:01:38.640000,SOFT,5.0,1.0,,,True,98.64,98.625,0.015000000000000568,False
OCO,Alpine,6.0,0 days 00:01:38.874000,SOFT,6.0,1.0,,,True,98.874,98.625,0.24899999999999523,False
OCO,Alpine,7.0,0 days 00:01:39.152000,SOFT,7.0,1.0,,,True,99.152,98.625,0.527000000000001,False
OCO,Alpine,8.0,0 days 00:01:39.422000,SOFT,8.0,1.0,,,True,99.422,98.625,0.796999999999997,False
OCO,Alpine,9.0,0 days 00:01:39.312000,SOFT,9.0,1.0,,,True,99.312,98.625,0.6869999999999976,False
OCO,Alpine,12.0,0 days 00:01:37.599000,HARD,2.0,2.0,,,True,97.599,97.363,0.2360000000000042,False
OCO,Alpine,13.0,0 days 00:01:37.363000,HARD,3.0,2.0,,,True,97.363,97.363,0.0,False
OCO,Alpine,14.0,0 days 00:01:37.537000,HARD,4.0,2.0,,,True,97.537,97.363,0.1740000000000066,False
OCO,Alpine,15.0,0 days 00:01:37.843000,HARD,5.0,2.0,,,True,97.843,97.363,0.480000000000004,False
OCO,Alpine,16.0,0 days 00:01:37.902000,HARD,6.0,2.0,,,True,97.902,97.363,0.5390000000000015,False
OCO,Alpine,17.0,0 days 00:01:38.911000,HARD,7.0,2.0,,,True,98.911,97.363,1.5480000000000018,False
OCO,Alpine,18.0,0 days 00:01:38.120000,HARD,8.0,2.0,,,True,98.12,97.363,0.757000000000005,False
OCO,Alpine,19.0,0 days 00:01:38.332000,HARD,9.0,2.0,,,True,98.332,97.363,0.9689999999999941,False
OCO,Alpine,20.0,0 days 00:01:38.185000,HARD,10.0,2.0,,,True,98.185,97.363,0.8220000000000027,False
OCO,Alpine,21.0,0 days 00:01:39.363000,HARD,11.0,2.0,,,True,99.363,97.363,2.0,False
OCO,Alpine,22.0,0 days 00:01:38.655000,HARD,12.0,2.0,,,True,98.655,97.363,1.2920000000000016,False
OCO,Alpine,23.0,0 days 00:01:38.407000,HARD,13.0,2.0,,,True,98.407,97.363,1.043999999999997,False
OCO,Alpine,24.0,0 days 00:01:38.420000,HARD,14.0,2.0,,,True,98.42,97.363,1.0570000000000022,False
OCO,Alpine,25.0,0 days 00:01:38.494000,HARD,15.0,2.0,,,True,98.494,97.363,1.1310000000000002,False
OCO,Alpine,26.0,0 days 00:01:38.665000,HARD,16.0,2.0,,,True,98.665,97.363,1.3020000000000067,False
OCO,Alpine,27.0,0 days 00:01:38.549000,HARD,17.0,2.0,,,True,98.549,97.363,1.186000000000007,False
OCO,Alpine,28.0,0 days 00:01:38.372000,HARD,18.0,2.0,,,True,98.372,97.363,1.0090000000000003,False
OCO,Alpine,29.0,0 days 00:01:38.556000,HARD,19.0,2.0,,,True,98.556,97.363,1.1929999999999978,False
OCO,Alpine,32.0,0 days 00:01:36.887000,HARD,2.0,3.0,,,True,96.887,96.226,0.6610000000000014,False
OCO,Alpine,33.0,0 days 00:01:36.704000,HARD,3.0,3.0,,,True,96.704,96.226,0.47799999999999443,False
OCO,Alpine,34.0,0 days 00:01:36.226000,HARD,4.0,3.0,,,True,96.226,96.226,0.0,False
OCO,Alpine,35.0,0 days 00:01:36.354000,HARD,5.0,3.0,,,True,96.354,96.226,0.1280000000000001,False
OCO,Alpine,36.0,0 days 00:01:37.229000,HARD,6.0,3.0,,,True,97.229,96.226,1.0030000000000001,False
OCO,Alpine,37.0,0 days 00:01:36.580000,HARD,7.0,3.0,,,True,96.58,96.226,0.3539999999999992,False
OCO,Alpine,38.0,0 days 00:01:36.814000,HARD,8.0,3.0,,,True,96.814,96.226,0.5879999999999939,False
OCO,Alpine,39.0,0 days 00:01:36.552000,HARD,9.0,3.0,,,True,96.552,96.226,0.3260000000000076,False
OCO,Alpine,40.0,0 days 00:01:36.608000,HARD,10.0,3.0,,,True,96.608,96.226,0.382000000000005,False
OCO,Alpine,41.0,0 days 00:01:36.621000,HARD,11.0,3.0,,,True,96.621,96.226,0.394999999999996,False
OCO,Alpine,42.0,0 days 00:01:36.592000,HARD,12.0,3.0,,,True,96.592,96.226,0.36599999999999966,False
OCO,Alpine,43.0,0 days 00:01:36.679000,HARD,13.0,3.0,,,True,96.679,96.226,0.45300000000000296,False
OCO,Alpine,44.0,0 days 00:01:36.649000,HARD,14.0,3.0,,,True,96.649,96.226,0.4230000000000018,False
OCO,Alpine,45.0,0 days 00:01:38.049000,HARD,15.0,3.0,,,True,98.049,96.226,1.8230000000000075,False
OCO,Alpine,46.0,0 days 00:01:36.975000,HARD,16.0,3.0,,,True,96.975,96.226,0.7489999999999952,False
OCO,Alpine,47.0,0 days 00:01:36.656000,HARD,17.0,3.0,,,True,96.656,96.226,0.4300000000000068,False
OCO,Alpine,48.0,0 days 00:01:37.117000,HARD,18.0,3.0,,,True,97.117,96.226,0.8910000000000053,False
OCO,Alpine,49.0,0 days 00:01:37.726000,HARD,19.0,3.0,,,True,97.726,96.226,1.5,False
OCO,Alpine,50.0,0 days 00:01:37.784000,HARD,20.0,3.0,,,True,97.784,96.226,1.558000000000007,False
OCO,Alpine,51.0,0 days 00:01:37.091000,HARD,21.0,3.0,,,True,97.091,96.226,0.8649999999999949,False
OCO,Alpine,52.0,0 days 00:01:38.631000,HARD,22.0,3.0,,,True,98.631,96.226,2.405000000000001,False
OCO,Alpine,53.0,0 days 00:01:37.145000,HARD,23.0,3.0,,,True,97.145,96.226,0.9189999999999969,False
OCO,Alpine,54.0,0 days 00:01:38.707000,HARD,24.0,3.0,,,True,98.707,96.226,2.4809999999999945,False
OCO,Alpine,55.0,0 days 00:01:37.393000,HARD,25.0,3.0,,,True,97.393,96.226,1.1670000000000016,False
OCO,Alpine,56.0,0 days 00:01:37.415000,HARD,26.0,3.0,,,True,97.415,96.226,1.1890000000000072,False
GAS,Alpine,2.0,0 days 00:01:39.059000,SOFT,2.0,1.0,,,True,99.059,98.503,0.5559999999999974,False
GAS,Alpine,3.0,0 days 00:01:38.744000,SOFT,3.0,1.0,,,True,98.744,98.503,0.24099999999999966,False
GAS,Alpine,4.0,0 days 00:01:38.503000,SOFT,4.0,1.0,,,True,98.503,98.503,0.0,False
GAS,Alpine,5.0,0 days 00:01:38.664000,SOFT,5.0,1.0,,,True,98.664,98.503,0.16100000000000136,False
GAS,Alpine,6.0,0 days 00:01:39.099000,SOFT,6.0,1.0,,,True,99.099,98.503,0.5960000000000036,False
GAS,Alpine,7.0,0 days 00:01:39.078000,SOFT,7.0,1.0,,,True,99.078,98.503,0.5750000000000028,False
GAS,Alpine,8.0,0 days 00:01:39.287000,SOFT,8.0,1.0,,,True,99.287,98.503,0.784000000000006,False
GAS,Alpine,9.0,0 days 00:01:39.452000,SOFT,9.0,1.0,,,True,99.452,98.503,0.9489999999999981,False
GAS,Alpine,10.0,0 days 00:01:38.929000,SOFT,10.0,1.0,,,True,98.929,98.503,0.42600000000000193,False
GAS,Alpine,11.0,0 days 00:01:38.656000,SOFT,11.0,1.0,,,True,98.656,98.503,0.1530000000000058,False
GAS,Alpine,14.0,0 days 00:01:37.689000,HARD,2.0,2.0,,,True,97.689,97.492,0.19699999999998852,False
GAS,Alpine,15.0,0 days 00:01:37.492000,HARD,3.0,2.0,,,True,97.492,97.492,0.0,False
GAS,Alpine,16.0,0 days 00:01:37.521000,HARD,4.0,2.0,,,True,97.521,97.492,0.028999999999996362,False
GAS,Alpine,17.0,0 days 00:01:37.949000,HARD,5.0,2.0,,,True,97.949,97.492,0.45699999999999363,False
GAS,Alpine,18.0,0 days 00:01:37.791000,HARD,6.0,2.0,,,True,97.791,97.492,0.2989999999999924,False
GAS,Alpine,19.0,0 days 00:01:37.702000,HARD,7.0,2.0,,,True,97.702,97.492,0.20999999999999375,False
GAS,Alpine,20.0,0 days 00:01:38.036000,HARD,8.0,2.0,,,True,98.036,97.492,0.5439999999999969,False
GAS,Alpine,21.0,0 days 00:01:38.094000,HARD,9.0,2.0,,,True,98.094,97.492,0.6019999999999897,False
GAS,Alpine,22.0,0 days 00:01:37.868000,HARD,10.0,2.0,,,True,97.868,97.492,0.37599999999999056,False
GAS,Alpine,23.0,0 days 00:01:38.104000,HARD,11.0,2.0,,,True,98.104,97.492,0.6119999999999948,False
GAS,Alpine,24.0,0 days 00:01:38.192000,HARD,12.0,2.0,,,True,98.192,97.492,0.6999999999999886,False
GAS,Alpine,25.0,0 days 00:01:38.160000,HARD,13.0,2.0,,,True,98.16,97.492,0.6679999999999922,False
GAS,Alpine,26.0,0 days 00:01:38.379000,HARD,14.0,2.0,,,True,98.379,97.492,0.8870000000000005,False
GAS,Alpine,27.0,0 days 00:01:38.400000,HARD,15.0,2.0,,,True,98.4,97.492,0.9080000000000013,False
GAS,Alpine,28.0,0 days 00:01:38.615000,HARD,16.0,2.0,,,True,98.615,97.492,1.1229999999999905,False
GAS,Alpine,29.0,0 days 00:01:38.550000,HARD,17.0,2.0,,,True,98.55,97.492,1.0579999999999927,False
GAS,Alpine,30.0,0 days 00:01:38.832000,HARD,18.0,2.0,,,True,98.832,97.492,1.3399999999999892,False
GAS,Alpine,33.0,0 days 00:01:36.112000,HARD,2.0,3.0,,,True,96.112,96.112,0.0,False
GAS,Alpine,34.0,0 days 00:01:36.622000,HARD,3.0,3.0,,,True,96.622,96.112,0.5100000000000051,False
GAS,Alpine,35.0,0 days 00:01:36.313000,HARD,4.0,3.0,,,True,96.313,96.112,0.20100000000000762,False
GAS,Alpine,36.0,0 days 00:01:36.450000,HARD,5.0,3.0,,,True,96.45,96.112,0.33800000000000807,False
GAS,Alpine,37.0,0 days 00:01:36.629000,HARD,6.0,3.0,,,True,96.629,96.112,0.5170000000000101,False
GAS,Alpine,38.0,0 days 00:01:36.802000,HARD,7.0,3.0,,,True,96.802,96.112,0.6900000000000119,False
GAS,Alpine,39.0,0 days 00:01:36.537000,HARD,8.0,3.0,,,True,96.537,96.112,0.42500000000001137,False
GAS,Alpine,40.0,0 days 00:01:36.742000,HARD,9.0,3.0,,,True,96.742,96.112,0.6300000000000097,False
GAS,Alpine,41.0,0 days 00:01:36.571000,HARD,10.0,3.0,,,True,96.571,96.112,0.4590000000000032,False
GAS,Alpine,42.0,0 days 00:01:36.631000,HARD,11.0,3.0,,,True,96.631,96.112,0.5190000000000055,False
GAS,Alpine,45.0,0 days 00:01:34.805000,SOFT,2.0,4.0,,,True,94.805,94.805,0.0,False
GAS,Alpine,46.0,0 days 00:01:35.293000,SOFT,3.0,4.0,,,True,95.293,94.805,0.48799999999999955,False
GAS,Alpine,47.0,0 days 00:01:35.341000,SOFT,4.0,4.0,,,True,95.341,94.805,0.5359999999999872,False
GAS,Alpine,48.0,0 days 00:01:35.411000,SOFT,5.0,4.0,,,True,95.411,94.805,0.6059999999999945,False
GAS,Alpine,49.0,0 days 00:01:35.511000,SOFT,6.0,4.0,,,True,95.511,94.805,0.7059999999999889,False
GAS,Alpine,50.0,0 days 00:01:35.228000,SOFT,7.0,4.0,,,True,95.228,94.805,0.4229999999999876,False
GAS,Alpine,51.0,0 days 00:01:35.334000,SOFT,8.0,4.0,,,True,95.334,94.805,0.5289999999999964,False
GAS,Alpine,52.0,0 days 00:01:35.511000,SOFT,9.0,4.0,,,True,95.511,94.805,0.7059999999999889,False
GAS,Alpine,53.0,0 days 00:01:35.389000,SOFT,10.0,4.0,,,True,95.389,94.805,0.583999999999989,False
GAS,Alpine,54.0,0 days 00:01:35.853000,SOFT,11.0,4.0,,,True,95.853,94.805,1.0479999999999876,False
GAS,Alpine,55.0,0 days 00:01:35.908000,SOFT,12.0,4.0,,,True,95.908,94.805,1.1029999999999944,False
GAS,Alpine,56.0,0 days 00:01:36.086000,SOFT,13.0,4.0,,,True,96.086,94.805,1.2809999999999917,False
BOT,Kick Sauber,2.0,0 days 00:01:38.259000,SOFT,2.0,1.0,,,True,98.259,98.259,0.0,False
BOT,Kick Sauber,3.0,0 days 00:01:38.837000,SOFT,3.0,1.0,,,True,98.837,98.259,0.578000000000003,False
BOT,Kick Sauber,4.0,0 days 00:01:38.643000,SOFT,4.0,1.0,,,True,98.643,98.259,0.38400000000000034,False
BOT,Kick Sauber,5.0,0 days 00:01:40.087000,SOFT,5.0,1.0,,,True,100.087,98.259,1.828000000000003,False
BOT,Kick Sauber,6.0,0 days 00:01:39.206000,SOFT,6.0,1.0,,,True,99.206,98.259,0.9470000000000027,False
BOT,Kick Sauber,7.0,0 days 00:01:38.654000,SOFT,7.0,1.0,,,True,98.654,98.259,0.394999999999996,False
BOT,Kick Sauber,8.0,0 days 00:01:38.968000,SOFT,8.0,1.0,,,True,98.968,98.259,0.7090000000000032,False
BOT,Kick Sauber,9.0,0 days 00:01:39.425000,SOFT,9.0,1.0,,,True,99.425,98.259,1.1659999999999968,False
BOT,Kick Sauber,10.0,0 days 00:01:39.112000,SOFT,10.0,1.0,,,True,99.112,98.259,0.8529999999999944,False
BOT,Kick Sauber,11.0,0 days 00:01:39.187000,SOFT,11.0,1.0,,,True,99.187,98.259,0.9279999999999973,False
BOT,Kick Sauber,14.0,0 days 00:01:36.454000,HARD,2.0,2.0,,,True,96.454,96.454,0.0,False
BOT,Kick Sauber,15.0,0 days 00:01:37.287000,HARD,3.0,2.0,,,True,97.287,96.454,0.8330000000000126,False
BOT,Kick Sauber,16.0,0 days 00:01:37.718000,HARD,4.0,2.0,,,True,97.718,96.454,1.26400000000001,False
BOT,Kick Sauber,17.0,0 days 00:01:37.765000,HARD,5.0,2.0,,,True,97.765,96.454,1.311000000000007,False
BOT,Kick Sauber,18.0,0 days 00:01:37.918000,HARD,6.0,2.0,,,True,97.918,96.454,1.4640000000000128,False
BOT,Kick Sauber,19.0,0 days 00:01:37.662000,HARD,7.0,2.0,,,True,97.662,96.454,1.2080000000000126,False
BOT,Kick Sauber,20.0,0 days 00:01:38.285000,HARD,8.0,2.0,,,True,98.285,96.454,1.831000000000003,False
BOT,Kick Sauber,21.0,0 days 00:01:37.730000,HARD,9.0,2.0,,,True,97.73,96.454,1.2760000000000105,False
BOT,Kick Sauber,22.0,0 days 00:01:37.998000,HARD,10.0,2.0,,,True,97.998,96.454,1.5440000000000111,False
BOT,Kick Sauber,23.0,0 days 00:01:38.180000,HARD,11.0,2.0,,,True,98.18,96.454,1.7260000000000133,False
BOT,Kick Sauber,24.0,0 days 00:01:38.146000,HARD,12.0,2.0,,,True,98.146,96.454,1.6920000000000073,False
BOT,Kick Sauber,25.0,0 days 00:01:38.262000,HARD,13.0,2.0,,,True,98.262,96.454,1.808000000000007,False
BOT,Kick Sauber,26.0,0 days 00:01:38.308000,HARD,14.0,2.0,,,True,98.308,96.454,1.8540000000000134,False
BOT,Kick Sauber,27.0,0 days 00:01:38.426000,HARD,15.0,2.0,,,True,98.426,96.454,1.9720000000000084,False
BOT,Kick Sauber,28.0,0 days 00:01:38.595000,HARD,16.0,2.0,,,True,98.595,96.454,2.1410000000000053,False
BOT,Kick Sauber,29.0,0 days 00:01:38.654000,HARD,17.0,2.0,,,True,98.654,96.454,2.200000000000003,False
BOT,Kick Sauber,32.0,0 days 00:01:36.763000,HARD,2.0,3.0,,,True,96.763,96.202,0.561000000000007,False
BOT,Kick Sauber,33.0,0 days 00:01:36.202000,HARD,3.0,3.0,,,True,96.202,96.202,0.0,False
BOT,Kick Sauber,34.0,0 days 00:01:38.009000,HARD,4.0,3.0,,,True,98.009,96.202,1.8070000000000022,False
BOT,Kick Sauber,35.0,0 days 00:01:36.578000,HARD,5.0,3.0,,,True,96.578,96.202,0.3760000000000048,False
BOT,Kick Sauber,36.0,0 days 00:01:36.792000,HARD,6.0,3.0,,,True,96.792,96.202,0.5900000000000034,False
BOT,Kick Sauber,37.0,0 days 00:01:38.008000,HARD,7.0,3.0,,,True,98.008,96.202,1.8059999999999974,False
BOT,Kick Sauber,38.0,0 days 00:01:37.774000,HARD,8.0,3.0,,,True,97.774,96.202,1.5720000000000027,False
BOT,Kick Sauber,39.0,0 days 00:01:37.189000,HARD,9.0,3.0,,,True,97.189,96.202,0.9869999999999948,False
BOT,Kick Sauber,40.0,0 days 00:01:37.393000,HARD,10.0,3.0,,,True,97.393,96.202,1.1910000000000025,False
BOT,Kick Sauber,41.0,0 days 00:01:36.437000,HARD,11.0,3.0,,,True,96.437,96.202,0.23499999999999943,False
BOT,Kick Sauber,42.0,0 days 00:01:36.374000,HARD,12.0,3.0,,,True,96.374,96.202,0.17199999999999704,False
BOT,Kick Sauber,43.0,0 days 00:01:36.569000,HARD,13.0,3.0,,,True,96.569,96.202,0.36700000000000443,False
BOT,Kick Sauber,44.0,0 days 00:01:36.630000,HARD,14.0,3.0,,,True,96.63,96.202,0.42799999999999727,False
BOT,Kick Sauber,45.0,0 days 00:01:36.663000,HARD,15.0,3.0,,,True,96.663,96.202,0.4609999999999985,False
BOT,Kick Sauber,46.0,0 days 00:01:36.297000,HARD,16.0,3.0,,,True,96.297,96.202,0.09499999999999886,False
BOT,Kick Sauber,47.0,0 days 00:01:36.604000,HARD,17.0,3.0,,,True,96.604,96.202,0.402000000000001,False
BOT,Kick Sauber,48.0,0 days 00:01:36.765000,HARD,18.0,3.0,,,True,96.765,96.202,0.5630000000000024,False
BOT,Kick Sauber,49.0,0 days 00:01:36.910000,HARD,19.0,3.0,,,True,96.91,96.202,0.7079999999999984,False
BOT,Kick Sauber,50.0,0 days 00:01:36.910000,HARD,20.0,3.0,,,True,96.91,96.202,0.7079999999999984,False
BOT,Kick Sauber,51.0,0 days 00:01:36.819000,HARD,21.0,3.0,,,True,96.819,96.202,0.6170000000000044,False
BOT,Kick Sauber,52.0,0 days 00:01:36.949000,HARD,22.0,3.0,,,True,96.949,96.202,0.7469999999999999,False
BOT,Kick Sauber,53.0,0 days 00:01:39.035000,HARD,23.0,3.0,,,True,99.035,96.202,2.8329999999999984,False
BOT,Kick Sauber,54.0,0 days 00:01:37.095000,HARD,24.0,3.0,,,True,97.095,96.202,0.8930000000000007,False
BOT,Kick Sauber,55.0,0 days 00:01:37.205000,HARD,25.0,3.0,,,True,97.205,96.202,1.0030000000000001,False
BOT,Kick Sauber,56.0,0 days 00:01:37.956000,HARD,26.0,3.0,,,True,97.956,96.202,1.7540000000000049,False
SAR,Williams,2.0,0 days 00:01:38.481000,SOFT,2.0,1.0,,,True,98.481,98.39,0.09099999999999397,False
SAR,Williams,3.0,0 days 00:01:38.707000,SOFT,3.0,1.0,,,True,98.707,98.39,0.31699999999999307,False
SAR,Williams,4.0,0 days 00:01:38.390000,SOFT,4.0,1.0,,,True,98.39,98.39,0.0,False
SAR,Williams,5.0,0 days 00:01:38.757000,SOFT,5.0,1.0,,,True,98.757,98.39,0.36700000000000443,False
SAR,Williams,6.0,0 days 00:01:38.582000,SOFT,6.0,1.0,,,True,98.582,98.39,0.19199999999999307,False
SAR,Williams,7.0,0 days 00:01:39.464000,SOFT,7.0,1.0,,,True,99.464,98.39,1.073999999999998,False
SAR,Williams,8.0,0 days 00:01:39.580000,SOFT,8.0,1.0,,,True,99.58,98.39,1.1899999999999977,False
SAR,Williams,9.0,0 days 00:01:39.366000,SOFT,9.0,1.0,,,True,99.366,98.39,0.9759999999999991,False
SAR,Williams,12.0,0 days 00:01:38.493000,HARD,2.0,2.0,,,True,98.493,97.594,0.8990000000000009,False
SAR,Williams,13.0,0 days 00:01:40.989000,HARD,3.0,2.0,,,True,100.989,97.594,3.3950000000000102,False
SAR,Williams,14.0,0 days 00:01:41.470000,HARD,4.0,2.0,,,True,101.47,97.594,3.8760000000000048,False
SAR,Williams,15.0,0 days 00:01:37.594000,HARD,5.0,2.0,,,True,97.594,97.594,0.0,False
SAR,Williams,16.0,0 days 00:01:41.370000,HARD,6.0,2.0,,,True,101.37,97.594,3.7760000000000105,False
SAR,Williams,17.0,0 days 00:01:39.758000,HARD,7.0,2.0,,,True,99.758,97.594,2.1640000000000015,False
SAR,Williams,18.0,0 days 00:01:38.077000,HARD,8.0,2.0,,,True,98.077,97.594,0.4830000000000041,False
SAR,Williams,19.0,0 days 00:01:37.742000,HARD,9.0,2.0,,,True,97.742,97.594,0.14800000000001035,False
SAR,Williams,20.0,0 days 00:01:37.820000,HARD,10.0,2.0,,,True,97.82,97.594,0.2259999999999991,False
SAR,Williams,21.0,0 days 00:01:38.009000,HARD,11.0,2.0,,,True,98.009,97.594,0.41500000000000625,False
SAR,Williams,22.0,0 days 00:01:37.728000,HARD,12.0,2.0,,,True,97.728,97.594,0.13400000000000034,False
SAR,Williams,23.0,0 days 00:01:37.621000,HARD,13.0,2.0,,,True,97.621,97.594,0.027000000000001023,False
SAR,Williams,24.0,0 days 00:01:39.437000,HARD,14.0,2.0,,,True,99.437,97.594,1.8430000000000035,False
SAR,Williams,25.0,0 days 00:01:39.093000,HARD,15.0,2.0,,,True,99.093,97.594,1.4990000000000094,False
SAR,Williams,26.0,0 days 00:01:37.859000,HARD,16.0,2.0,,,True,97.859,97.594,0.26500000000000057,False
SAR,Williams,27.0,0 days 00:01:38.288000,HARD,17.0,2.0,,,True,98.288,97.594,0.6940000000000026,False
SAR,Williams,30.0,0 days 00:01:35.715000,HARD,2.0,3.0,,,True,95.715,95.715,0.0,False
SAR,Williams,31.0,0 days 00:01:36.713000,HARD,3.0,3.0,,,True,96.713,95.715,0.9979999999999905,False
SAR,Williams,32.0,0 days 00:01:36.563000,HARD,4.0,3.0,,,True,96.563,95.715,0.847999999999999,False
SAR,Williams,33.0,0 days 00:01:37.433000,HARD,5.0,3.0,,,True,97.433,95.715,1.7180000000000035,False
SAR,Williams,34.0,0 days 00:01:36.475000,HARD,6.0,3.0,,,True,96.475,95.715,0.7599999999999909,False
SAR,Williams,35.0,0 days 00:01:36.859000,HARD,7.0,3.0,,,True,96.859,95.715,1.1439999999999912,False
SAR,Williams,36.0,0 days 00:01:36.462000,HARD,8.0,3.0,,,True,96.462,95.715,0.7469999999999999,False
SAR,Williams,37.0,0 days 00:01:36.785000,HARD,9.0,3.0,,,True,96.785,95.715,1.0699999999999932,False
SAR,Williams,38.0,0 days 00:01:36.732000,HARD,10.0,3.0,,,True,96.732,95.715,1.016999999999996,False
SAR,Williams,39.0,0 days 00:01:37.016000,HARD,11.0,3.0,,,True,97.016,95.715,1.301000000000002,False
SAR,Williams,42.0,0 days 00:01:34.735000,SOFT,2.0,4.0,,,True,94.735,94.735,0.0,False
SAR,Williams,43.0,0 days 00:01:35.001000,SOFT,3.0,4.0,,,True,95.001,94.735,0.26600000000000534,False
SAR,Williams,44.0,0 days 00:01:35.130000,SOFT,4.0,4.0,,,True,95.13,94.735,0.394999999999996,False
SAR,Williams,45.0,0 days 00:01:35.333000,SOFT,5.0,4.0,,,True,95.333,94.735,0.597999999999999,False
SAR,Williams,46.0,0 days 00:01:35.939000,SOFT,6.0,4.0,,,True,95.939,94.735,1.2039999999999935,False
SAR,Williams,47.0,0 days 00:01:36.729000,SOFT,7.0,4.0,,,True,96.729,94.735,1.9939999999999998,False
SAR,Williams,48.0,0 days 00:01:35.688000,SOFT,8.0,4.0,,,True,95.688,94.735,0.953000000000003,False
SAR,Williams,49.0,0 days 00:01:35.590000,SOFT,9.0,4.0,,,True,95.59,94.735,0.855000000000004,False
SAR,Williams,50.0,0 days 00:01:35.660000,SOFT,10.0,4.0,,,True,95.66,94.735,0.9249999999999972,False
SAR,Williams,51.0,0 days 00:01:35.972000,SOFT,11.0,4.0,,,True,95.972,94.735,1.2369999999999948,False
SAR,Williams,52.0,0 days 00:01:35.987000,SOFT,12.0,4.0,,,True,95.987,94.735,1.2519999999999953,False
SAR,Williams,53.0,0 days 00:01:36.088000,SOFT,13.0,4.0,,,True,96.088,94.735,1.3529999999999944,False
SAR,Williams,54.0,0 days 00:01:39.614000,SOFT,14.0,4.0,,,True,99.614,94.735,4.879000000000005,False
SAR,Williams,55.0,0 days 00:01:36.209000,SOFT,15.0,4.0,,,True,96.209,94.735,1.4740000000000038,False
